source,target
denisec89,SwatchUS
SCLefrere,SwatchUS
1110CLM,SwatchUS
KyawBala16,SwatchUS
karak78,SwatchUS
viamatanzas,SwatchUS
PlanzerReto,SwatchUS
luimouro,SwatchUS
CIGA_Design_UK,SwatchUS
dickson56757320,SwatchUS
thehairspring,SwatchUS
SwatchUK,SwatchUS
octonion,SwatchUS
Cross_pp,SwatchUS
SPProDesign,SwatchUS
rickmaderis,SwatchUS
ChingizMB,SwatchUS
Rindon23,SwatchUS
light38373096,SwatchUS
Alocak5,SwatchUS
justcallmemrzp,SwatchUS
Shoegirl1970,SwatchUS
laithbarfi,SwatchUS
VonTheRealtor,SwatchUS
JCRascal,SwatchUS
brunovauthier26,SwatchUS
MicaelaMezzasa1,SwatchUS
cmorgan1624,SwatchUS
ardawd123,SwatchUS
technosoul,SwatchUS
BizLawyer,SwatchUS
5707a08853e04a3,SwatchUS
ecbradley83,SwatchUS
TheTeamWayne,SwatchUS
ordyne_pijay,SwatchUS
AdorableBub,SwatchUS
MdArifu76802938,SwatchUS
Baseballand5SOS,SwatchUS
humpyourdick,SwatchUS
jhamilton74,SwatchUS
RabbiAh53929817,SwatchUS
Draxyl,SwatchUS
hejustgaveup,SwatchUS
TheBratley,SwatchUS
kayman3777,SwatchUS
JohnTay58301707,SwatchUS
bezelchain,SwatchUS
hedhlibechir1,SwatchUS
chanyeol_ispure,SwatchUS
uchusen,SwatchUS
SwatchUS,watchville
SwatchUS,HODINKEE
SwatchUS,AmazonFashion
SwatchUS,amazon
SwatchUS,WatchTime
SwatchUS,aBlogtoWatch
SwatchUS,watchprolive
SwatchUS,MatthiasDandois
SwatchUS,wsl
SwatchUS,VANS_66
SwatchUS,briangalindo
SwatchUS,LesBatt
SwatchUS,conorstanage
SwatchUS,CNN
SwatchUS,altonbrown
SwatchUS,MeltingIce
SwatchUS,McDonalds
SwatchUS,BurgerKing
SwatchUS,Wendys
SwatchUS,netflix
SwatchUS,DroneRaceLeague
SwatchUS,SwatchUK
SwatchUS,ComplexCon
SwatchUS,hypebae
SwatchUS,VICESports
SwatchUS,TIME
SwatchUS,thehundreds
SwatchUS,SInow
SwatchUS,ww_review
SwatchUS,BeachMajors
SwatchUS,ComplexStyle
SwatchUS,WIREDInsider
SwatchUS,Hearst
SwatchUS,RooseveltField
SwatchUS,WIRED
SwatchUS,ShopFashionMall
SwatchUS,ShopTysons
SwatchUS,HoustonGalleria
SwatchUS,NorthParkCenter
SwatchUS,KoP_Mall
SwatchUS,Queens_Center
SwatchUS,GSPlaza
SwatchUS,mallofamerica
SwatchUS,WoodfieldMall
SwatchUS,AlaMoanaCenter
SwatchUS,ShopFloridaMall
SwatchUS,ShopDadeland
SwatchUS,ShopMerrickPark
SwatchUS,AventuraMall
SwatchUS,0024WatchWorld
PSUHazleton,denisec89
ada25celebrate,denisec89
NedryVirginia,denisec89
PMendey,denisec89
SJungleib,denisec89
bluecollarpod,denisec89
PghNittany,denisec89
AlagieHuma4,denisec89
dinahaddie,denisec89
AJanesch,denisec89
fortheblogy,denisec89
Amandas27702,denisec89
Tiffany76416313,denisec89
SANDRALOUKING,denisec89
KevinJo06746091,denisec89
BabaDrammeh19,denisec89
MikePennState,denisec89
Tabubu333,denisec89
PrintCorcoran,denisec89
billcorcoranjr,denisec89
boogenites21,denisec89
Battle15B,denisec89
Nolebucgrl,denisec89
BellaBrinks3,denisec89
PSU_LakeErie,denisec89
CATABUS,denisec89
dollarxone,denisec89
order_company,denisec89
The_Lions_Paw,denisec89
TankSchottle,denisec89
NewYorkCity_b,denisec89
map408psu,denisec89
ChrisMattCook,denisec89
29TimKing,denisec89
bianca_rackley,denisec89
PSU_FB_Thoughts,denisec89
JPellegrini1983,denisec89
KawusuSanneh,denisec89
SearchWarrant1,denisec89
JRSnedden,denisec89
possum96075879,denisec89
Sylvest13623390,denisec89
ECSReviveMedspa,denisec89
FleekPhotograp1,denisec89
CounselingEtc,denisec89
PSPTroopNPIO,denisec89
WomanOfTheVoid,denisec89
nflliveplay,denisec89
TiffanyHutton12,denisec89
ViscoKimberly,denisec89
EU_GreenCapital,SCLefrere
pernelleb22,SCLefrere
MarkusMelin1,SCLefrere
savepondhockey,SCLefrere
ADEFCAF,SCLefrere
stevebaynes,SCLefrere
paveldevyatkin,SCLefrere
sejorg,SCLefrere
cantpretendtoo,SCLefrere
NadaFarhoud,SCLefrere
Vegathlet,SCLefrere
VoteTrumpPics,SCLefrere
CanadaArctic,SCLefrere
Douglas15225883,SCLefrere
JanosVargha,SCLefrere
enviro_matters,SCLefrere
jmcappiello,SCLefrere
Strategistic,SCLefrere
BeThePolls,SCLefrere
InclusiveNorth,SCLefrere
OpenStrum,SCLefrere
jharveylewis,SCLefrere
Britnatureguide,SCLefrere
arcticbureau,SCLefrere
GrainesPop,SCLefrere
northern__forum,SCLefrere
sdwgsecretariat,SCLefrere
_SaveOurStatues,SCLefrere
arcticyouthnet,SCLefrere
ThinkCDS,SCLefrere
JeremiahPariag,SCLefrere
TheGordonFdn,SCLefrere
toncarrera,SCLefrere
NuitdesEcoles,SCLefrere
JoannaParkinUK,SCLefrere
EU_ENV,SCLefrere
GAddiction06,SCLefrere
biret,SCLefrere
BobJallow2,SCLefrere
BatLabFinland,SCLefrere
Stabzy_Rehab,SCLefrere
henriramberg,SCLefrere
estellayoung27,SCLefrere
Polar_Katya,SCLefrere
HenriWallen,SCLefrere
lalo_blutkind,SCLefrere
JacquelineIDE92,SCLefrere
Unistellar,SCLefrere
MariaVaittinen,SCLefrere
pinnanalta,SCLefrere
datafeeds_net,1110CLM
copshoehot,1110CLM
MerryChirt,1110CLM
TonyTallor,1110CLM
mathisonelizabe,1110CLM
MWatsonvg,1110CLM
NancyWr27573812,1110CLM
SheriKaiser1,1110CLM
JaRodriguezM_,1110CLM
germansantolim2,1110CLM
TylerWillettez,1110CLM
fantauffizio,1110CLM
persoibague,1110CLM
PhyoThi_,KyawBala16
nyeinthanthar,KyawBala16
AungMin33961670,KyawBala16
pyaephyokyaw996,KyawBala16
KaungHann,KyawBala16
Phyothi43770398,KyawBala16
thazin95370546,KyawBala16
JasmineYadi,KyawBala16
MyatSu12990111,KyawBala16
SuSanda65494738,KyawBala16
Susan31150214,KyawBala16
JenniferAung23,KyawBala16
Nayyi87457859,KyawBala16
ZygodHtet,KyawBala16
laewai85,KyawBala16
YoonThetPan,KyawBala16
Akari26307326,KyawBala16
AyePyaePhyo16,KyawBala16
EiPwint31,KyawBala16
YanNain88720520,KyawBala16
smigoldong,KyawBala16
MeMeAungMoe5,KyawBala16
YoonThi23263661,KyawBala16
kitkit52664322,KyawBala16
KhinMaMaSoe3,KyawBala16
ZNWint1,KyawBala16
Theint73612149,KyawBala16
hsuhlaingmoe,KyawBala16
WaiYanA92042148,KyawBala16
Elina27889121,KyawBala16
AungMyo70384891,KyawBala16
KhaingLoon,KyawBala16
hoam_mo,KyawBala16
ThitHtooHan7,KyawBala16
TunMyatMyintOo,KyawBala16
Phyoeei13,KyawBala16
mpwint99,KyawBala16
HlwanHtetMoe,KyawBala16
Chuuu82056743,KyawBala16
Kelly31762317,KyawBala16
MyoMin68932594,KyawBala16
Lmmisme1,KyawBala16
saikyawlinhan11,KyawBala16
choi_ponyo,KyawBala16
Wah49110303,KyawBala16
Sofia43437145,KyawBala16
htethtinlin,KyawBala16
SawWaiYanLinAu1,KyawBala16
ThantHtet_Ag,KyawBala16
Traccymo,KyawBala16
LoriDEsq,karak78
prolifesf,karak78
WakayaGroup,karak78
sea_viewresort,karak78
JulieWelkerRE,karak78
TechCaregiving,karak78
Ablie111,karak78
lorinkillian,karak78
geekb_solution,karak78
HusslemanT56,karak78
PhillyBite,karak78
aliciakeysfan69,karak78
Matt_VanDyke,karak78
codepink,karak78
FanTheangel,karak78
EaglesTheangel,karak78
BTW87681362,karak78
samueladjanie,karak78
Paulrog98607318,karak78
Dinorossi14,karak78
MadeleineDean,karak78
DrunkDolphinGal,karak78
LVServices,karak78
andythefool,karak78
Motivated2Accel,karak78
pcmsconcerts,karak78
MrChuckD,karak78
Merentia,karak78
MyPatcoApp,karak78
ceceiliabtutor,karak78
TheMatterofLife,karak78
gxvinxnderson,karak78
jessicacmchugh1,karak78
jacobemiles,karak78
mbaprojsearch,karak78
NJFoodGroup,karak78
EatingInSJersey,karak78
CGIRacing,karak78
LOVERUNPHILLY,karak78
NancyLowell,karak78
SWCCRun,karak78
TleaBookQuest,karak78
girltankorg,karak78
boffenl,karak78
stayter,karak78
PenguinDawn,karak78
PhilaFoodie,karak78
CrissaShoemaker,karak78
SunflowerTruck,karak78
Citibank,karak78
KIKOWireless,PlanzerReto
HistorySwiss,PlanzerReto
cforman4_,PlanzerReto
black_goosey,CIGA_Design_UK
HardcupRU,CIGA_Design_UK
salvamanzoni,CIGA_Design_UK
thehairspring,CIGA_Design_UK
TyagiG82504568,CIGA_Design_UK
laura_nov05,CIGA_Design_UK
WatchesOrient,CIGA_Design_UK
AlexandersofLon,CIGA_Design_UK
mynextwatch,CIGA_Design_UK
adiokcollection,CIGA_Design_UK
MoaningM,CIGA_Design_UK
danieljkerr1,CIGA_Design_UK
Christo21115658,CIGA_Design_UK
GusPeguri9,CIGA_Design_UK
regularguywatch,CIGA_Design_UK
VentouxW,CIGA_Design_UK
ddukcevich,CIGA_Design_UK
LearnWristwatch,CIGA_Design_UK
VintageHorology,CIGA_Design_UK
nandezwatches,CIGA_Design_UK
padmac71,CIGA_Design_UK
BusinessFF_com,CIGA_Design_UK
R_M_Longthorpe,CIGA_Design_UK
gift_promotion,CIGA_Design_UK
OruSebastian,CIGA_Design_UK
paulparkman,CIGA_Design_UK
CanadaWatchLab,CIGA_Design_UK
V_a_e_s,CIGA_Design_UK
baron8911,CIGA_Design_UK
Kendamjapa,CIGA_Design_UK
HiroUttamchand1,CIGA_Design_UK
shrink31,CIGA_Design_UK
prisha252,CIGA_Design_UK
markgtba,CIGA_Design_UK
Bic_Blanc,CIGA_Design_UK
turbo___s,CIGA_Design_UK
Good_Mufasa,CIGA_Design_UK
CabaretChatNoir,CIGA_Design_UK
watch_hor,CIGA_Design_UK
WCollection24,CIGA_Design_UK
YannyChristian1,CIGA_Design_UK
Bellagiotime,CIGA_Design_UK
JoeToney9519,CIGA_Design_UK
WilliamHHise,CIGA_Design_UK
AasmahQasim,CIGA_Design_UK
Bobbma1,CIGA_Design_UK
watchandco_,CIGA_Design_UK
zammit_marc,CIGA_Design_UK
cheek2chic,CIGA_Design_UK
Miz_Kiss,CIGA_Design_UK
kanjerii,dickson56757320
aurawenslas,dickson56757320
Ragez_z,dickson56757320
cherieKE3,dickson56757320
Itskip_koech,dickson56757320
MaJuliah_Kelani,dickson56757320
ManKuraiha,dickson56757320
jFNrswsQlaRyTH1,dickson56757320
AmozKipchirchir,dickson56757320
misae61354446,dickson56757320
osullivan37shan,dickson56757320
NorthBmw,dickson56757320
KipkenyKoech,dickson56757320
DefranceShirly,dickson56757320
lawrencekitema,dickson56757320
Attehdavid3,dickson56757320
EkapelEdgar5,dickson56757320
Steve77360512,dickson56757320
earlvin20,dickson56757320
NickKones,dickson56757320
MutwiriKiambi,dickson56757320
AnsoneCathy,dickson56757320
busolomaareess,dickson56757320
KenyaOn70901895,dickson56757320
MarkDaPrince3,dickson56757320
alasirimotors,dickson56757320
CButorire,dickson56757320
AndaleArafat,dickson56757320
dancan_awuori,dickson56757320
samkyril,dickson56757320
BenedictOwuor,dickson56757320
master_vinnie,dickson56757320
Sydneykinyozi08,dickson56757320
Rheeesus,dickson56757320
mcebisco,dickson56757320
AlexNjenga205,dickson56757320
tashmitambo,dickson56757320
AlbertKomora,dickson56757320
Chris_D_Odero,dickson56757320
Philip17643558,dickson56757320
SustainableEne9,thehairspring
way_of_sword,thehairspring
capmiller87,thehairspring
TheoThomopoulos,thehairspring
EhlertACE,thehairspring
EncheresDogny,thehairspring
dialbacktime,thehairspring
wwmatchbox,thehairspring
FlorstyleJ,thehairspring
nmcaspar,thehairspring
mferrante03,thehairspring
Hussien19852795,thehairspring
PeBeWi,thehairspring
abhisheksardana,thehairspring
JohnHDuval,thehairspring
MikeKuiken,thehairspring
DeFiTrustFund,thehairspring
HornTweeter,thehairspring
bald_watches,thehairspring
kopite1968,thehairspring
GGand,thehairspring
Manners15,thehairspring
mrsarbazi,thehairspring
TheTaraK,thehairspring
aacirino,thehairspring
MrAAC84,thehairspring
KingKb93525042,thehairspring
_Pol__Pot,thehairspring
SimonSwblundell,thehairspring
Accidie14,thehairspring
rm86678921,thehairspring
HardcupRU,thehairspring
SontoKuyarou,thehairspring
Bonnie68216049,thehairspring
coedo_arajuku,thehairspring
ChristeaanJ,thehairspring
Jennifer_77331,thehairspring
Sven0061,thehairspring
NRN_watch,thehairspring
emoryt054,thehairspring
benwinz1,thehairspring
COFFEEBREAK911,thehairspring
ANTONIOSTEARDO,thehairspring
KahaneJeff,thehairspring
realBillyMurga,thehairspring
globalserv75,thehairspring
nandezwatches,thehairspring
ElDaka22,thehairspring
maximus63736557,thehairspring
HerbertRSim,thehairspring
warpigs76,SwatchUK
Barry_Carrot,SwatchUK
newlovegeog,SwatchUK
ollie13550482,SwatchUK
dickson56757320,SwatchUK
stbmusic1,SwatchUK
SwatchAl,SwatchUK
SeanRJordan,SwatchUK
Alocak5,SwatchUK
cmorgan1624,SwatchUK
AIRretail,SwatchUK
Chike68484440,SwatchUK
DavidWa53158736,SwatchUK
WatchShop,SwatchUK
bezelchain,SwatchUK
rockthecasbah77,SwatchUK
Bsingh70246759,SwatchUK
brinkeguthrie,SwatchUK
EssexPR,SwatchUK
SChumbit,SwatchUK
xJakiix,SwatchUK
a_roey93,SwatchUK
Cakes_in_Essex,SwatchUK
TheRealSqueal,SwatchUK
Nina_Gregory6,SwatchUK
TinoCastro16,SwatchUK
Maroua_Beddadi,SwatchUK
OmorZayn,SwatchUK
RoadHouseGG,SwatchUK
_PeterBennett,SwatchUK
jsswgh,SwatchUK
BridgetOlubunm1,SwatchUK
ayeesharaza1111,SwatchUK
mcgills2511,SwatchUK
greene6735,SwatchUK
MPrasad50298590,SwatchUK
AlishaH89634585,SwatchUK
NetMarketingTr1,SwatchUK
plymavfc,SwatchUK
KatewheelerKate,SwatchUK
WebDublin,SwatchUK
hecubus922,SwatchUK
WBvCnrV5l0Xs3DD,SwatchUK
ConnorL26770185,SwatchUK
Carroll67,SwatchUK
WatchesScottish,SwatchUK
Johnny64078708,SwatchUK
Verylongbike,SwatchUK
gsmarks42,SwatchUK
RH18415,SwatchUK
roboguy20,octonion
ashzashwash,octonion
LilyRyan_fx,octonion
HackerSpaceTech,octonion
Anorak52549823,octonion
samjet22,octonion
gmsbrentlawn,octonion
hipsterelectron,octonion
_jaysuss_,octonion
maxi_lopez18,octonion
HappyPineVibes,octonion
MckayVarga,octonion
cs_adrian,octonion
zudomanzi,octonion
EjsmontPiotr,octonion
pengweide,octonion
TheMetalBeast,octonion
JamesDermond,octonion
ezerios,octonion
lucioztw,octonion
TheKoek,octonion
ArtByAlida,octonion
KevinHaggerty13,octonion
ideal8407,octonion
aida_frumix,octonion
sindero,octonion
islayit,octonion
wooglooskr,octonion
realbiggL,octonion
FringleM,octonion
Davidle58504294,octonion
ThomasRaguin,octonion
_UditParmar_,octonion
LunaTheGreyTuna,octonion
notjusta_gp,octonion
kedir_h_ahmed,octonion
webcentive,octonion
antonyp22,octonion
ehdyn,octonion
natbrown_2,octonion
jarlestabell,octonion
byabhishekgupta,octonion
LMHighPerform,octonion
watmanAFC,octonion
slothfulwave612,octonion
Soumyaj15209314,octonion
unitedstats99,octonion
McCormick_Math,octonion
sjvantilburg,octonion
DataSciUofM,octonion
Hero_meigen,Cross_pp
misaki_33a,Cross_pp
JgMq9,Cross_pp
asahi_and_t,Cross_pp
KOwoW1Kyin1mjbv,Cross_pp
Watanuki_Ltd,Cross_pp
trforonlyworld,Cross_pp
mitsuokamotorjp,Cross_pp
mediaschool_pg,Cross_pp
artdyne,Cross_pp
osaka_snap,Cross_pp
kiribou06341,Cross_pp
fubuki_taiju,Cross_pp
ISqj2C44QVknJPm,Cross_pp
twipretter,Cross_pp
shisonegi,Cross_pp
gozaru_kadoma,Cross_pp
DanMaine4,Cross_pp
youtubekeijiban,Cross_pp
citrus_net,Cross_pp
osaka_ohsho_ra,Cross_pp
hashimon,Cross_pp
nobuoxiaojingu,Cross_pp
osakakentei,Cross_pp
americansuburbx,Cross_pp
48kumi_official,Cross_pp
KPdGOf3Bn8UlHNG,Cross_pp
artdive,Cross_pp
hanashige2,Cross_pp
KuidaoreI,Cross_pp
nogudog,Cross_pp
Mughal_Royal,Cross_pp
Nazem35331417,Cross_pp
RJNmtSWdUaqzCCK,Cross_pp
osaka_fc,Cross_pp
intersexjapan,Cross_pp
hikari40828,Cross_pp
fredalmike1010,Cross_pp
general_cs,Cross_pp
kingking0715,Cross_pp
okujirasamafilm,Cross_pp
TokyoArtFair,Cross_pp
mikepon2,Cross_pp
ue6camera,Cross_pp
JunkoKuriya,Cross_pp
shinema_s,Cross_pp
22century_photo,Cross_pp
ghttmsnonat,Cross_pp
mirei_gnore3,Cross_pp
geisou,Cross_pp
denisec89,SwatchUS
denisec89,Swatch
denisec89,pattonoswalt
denisec89,CathyLH
denisec89,tipsymonk
denisec89,HVRanch
denisec89,phillypaws
denisec89,PSPCA
denisec89,DepPentPressSec
denisec89,ChrisCJackson
denisec89,clairecmc
denisec89,MegHays46
denisec89,AaronBoone
denisec89,ada25celebrate
denisec89,judithheumann
denisec89,First_Dog_USA
denisec89,jr_ATC
denisec89,realsjsgiovanni
denisec89,teachcardona
denisec89,anyataylorjoy
denisec89,Janefonda
denisec89,AriMelber
denisec89,WillieGeist
denisec89,MollyJongFast
denisec89,PoconoEDC
denisec89,shawnee_theatre
denisec89,ThisWeekPoconos
denisec89,vstpgh
denisec89,TheSettlersInn
denisec89,VisitPoconos
denisec89,visitPA
denisec89,poconotalk
denisec89,PoconoTourism
denisec89,LaurieHernandez
denisec89,bsw5020
denisec89,karenrobinson01
denisec89,ColaneriJohn
denisec89,ASlavitt
denisec89,USPS
denisec89,WHCOS
denisec89,WHCommsDir
denisec89,JOD46
denisec89,PittsburghLion
denisec89,Doritos
denisec89,Klondikebar
denisec89,Breyers
denisec89,Jolly_Rancher
denisec89,Welchs
denisec89,Butterfinger
denisec89,Tropicana
SCLefrere,SwatchUS
SCLefrere,Swatch
SCLefrere,EU_GreenCapital
SCLefrere,earthhour
SCLefrere,WWF
SCLefrere,Astro_Soichi
SCLefrere,NASAJPL
SCLefrere,NASAMars
SCLefrere,ERCOT_ISO
SCLefrere,citedessciences
SCLefrere,TerreSciences
SCLefrere,AstroSamantha
SCLefrere,Astro_Alex
SCLefrere,astro_reid
SCLefrere,NASAPersevere
SCLefrere,pernelleb22
SCLefrere,LesiaAstro
SCLefrere,SF2A_astro
SCLefrere,MarkusMelin1
SCLefrere,LukeFinland
SCLefrere,mikarantane
SCLefrere,UN_Women
SCLefrere,andersen_inger
SCLefrere,StevenQuay
SCLefrere,france_soir
SCLefrere,ADEFCAF
SCLefrere,PPathole
SCLefrere,savepondhockey
SCLefrere,stevebaynes
SCLefrere,KirsiKarla
SCLefrere,rolfrodven
SCLefrere,TheBabylonBee
SCLefrere,RationalEtienne
SCLefrere,annie_neutralx
SCLefrere,oilspillproject
SCLefrere,KolarcticCBC
SCLefrere,GenderArctic
SCLefrere,CawthornforNC
SCLefrere,NASAArtemis
SCLefrere,JuddPDeere45
SCLefrere,EU_Finance
SCLefrere,LafCol
SCLefrere,KLoeffler
SCLefrere,ThePlanetaryGuy
SCLefrere,christianamusk
SCLefrere,ToscaMusk
SCLefrere,ianbremmer
SCLefrere,ArcticInstitute
SCLefrere,paveldevyatkin
SCLefrere,ArcticJohanna
1110CLM,TwitterSupport
1110CLM,TwitterSafety
1110CLM,TwitterMktg
1110CLM,TwitterAPI
1110CLM,TwitterEng
1110CLM,TwitterOSS
1110CLM,TwitterDesign
1110CLM,adidasoriginals
1110CLM,adidassoccer
1110CLM,EASPORTSFIFA
1110CLM,adidasrunning
1110CLM,adidasUS
1110CLM,adidasWomen
1110CLM,geglobo
1110CLM,lancenet
1110CLM,Florida_Cup
1110CLM,PDChinaSports
1110CLM,HisenseGlobal
1110CLM,umbro
1110CLM,SportLineCo
1110CLM,Dafiti_Colombia
1110CLM,MktRegistrado
1110CLM,SaboresPostobon
1110CLM,UmbroColombia
1110CLM,usnikefootball
1110CLM,nikesb
1110CLM,nikediamond
1110CLM,nikebasketball
1110CLM,nikefutebol
1110CLM,NikeService
1110CLM,nikefootfrance
1110CLM,nikefootballita
1110CLM,NikeNYC
1110CLM,NikeN7
1110CLM,NikeLA
1110CLM,NikeStadiums
1110CLM,NikeRio
1110CLM,Jumpman23
1110CLM,nikestore
1110CLM,adidas
1110CLM,Nike
1110CLM,dominos
1110CLM,TinderSupport
1110CLM,LilNasX
1110CLM,Tinder
1110CLM,PlayboyTV
1110CLM,Playboy
1110CLM,AppleSupport
1110CLM,BridgestoneLA
1110CLM,TAGHeuer
KyawBala16,nyeinthanthar
KyawBala16,GShockUK
KyawBala16,GSHOCK_OFFICIAL
KyawBala16,casiouk
KyawBala16,GShock_US
KyawBala16,Casio_USA
KyawBala16,poemamhethar
KyawBala16,HODINKEE
KyawBala16,SwatchUS
KyawBala16,Swatch
KyawBala16,hamiltonwatch
KyawBala16,TISSOT
KyawBala16,Blancpain1735
KyawBala16,MontresBreguet
KyawBala16,Jaquet_Droz
KyawBala16,ulysse_nardin
KyawBala16,GirardPerregaux
KyawBala16,BellRossWatches
KyawBala16,Longines
KyawBala16,jaegerlecoultre
KyawBala16,Cartier
KyawBala16,Piaget
KyawBala16,AudemarsPiguet
KyawBala16,Vacheron1755
KyawBala16,Hublot
KyawBala16,IWC
KyawBala16,Breitling
KyawBala16,TAGHeuer
KyawBala16,omegawatches
KyawBala16,ROLEX
KyawBala16,seikowatches
KyawBala16,Candida45447111
KyawBala16,yinmon53020164
KyawBala16,PhyoThi_
KyawBala16,poechitmyatthae
KyawBala16,SpiderManMovie
KyawBala16,mmxnn02
KyawBala16,MoeSandarKyaw8
KyawBala16,WaiMarPhyo9
KyawBala16,EaintThet7
KyawBala16,pyaephyokyaw996
KyawBala16,Phyothi43770398
KyawBala16,KaungHann
KyawBala16,ChangThaw
KyawBala16,Jucy70083494
KyawBala16,AungMin33961670
KyawBala16,HNwayoo
KyawBala16,DaungOfficial
KyawBala16,phyopapablogs
KyawBala16,AyeThaZinKhain1
karak78,SwatchUS
karak78,bellingcat
karak78,ChristianSlater
karak78,macysnews
karak78,PhilaParkandRec
karak78,billy_penn
karak78,NJRedCross
karak78,NJOmbudsman
karak78,C19VaxxUpdates
karak78,DangeRussWilson
karak78,tkelce
karak78,JoAnn_Stores
karak78,POTUS
karak78,MichaelsStores
karak78,DonBellonCBS3
karak78,nflnetwork
karak78,USAO_NJ
karak78,ReverendWarnock
karak78,ossoff
karak78,WhiteHouse
karak78,camdencc
karak78,sbcmw
karak78,PANYNJ
karak78,kaitlancollins
karak78,NAACP
karak78,mortreport
karak78,WHYYNews
karak78,Nelly_Mo
karak78,Independent
karak78,CNNPolitics
karak78,HuffPostPol
karak78,HuffPost
karak78,AJEnglish
karak78,latimes
karak78,business
karak78,Forbes
karak78,BreakingNews
karak78,TIME
karak78,NatGeo
karak78,JalenHurts
karak78,NotifyNYC
karak78,AdrianaDiaz
karak78,BillWhitakerCBS
karak78,sethdoane
karak78,eddieizzard
karak78,Verillas
karak78,USPSHelp
karak78,SNFonNBC
karak78,dionnewarwick
karak78,Fanatics
PlanzerReto,FMC_AG
PlanzerReto,SwatchUS
PlanzerReto,AlibabaB2B
PlanzerReto,bEEmerkenswert
PlanzerReto,Cleanthinking
PlanzerReto,moderna_tx
PlanzerReto,Infineon
PlanzerReto,glumobile
PlanzerReto,Fresenius
PlanzerReto,verbund
PlanzerReto,technotransSE
PlanzerReto,AlibabaGroup
PlanzerReto,JackMa
PlanzerReto,tim_cook
PlanzerReto,Apple
PlanzerReto,Swatch
PlanzerReto,meyerburger
PlanzerReto,GunterErfurt
PlanzerReto,srfsport
PlanzerReto,retolipp
PlanzerReto,schweiz
PlanzerReto,MikeMuellerLate
PlanzerReto,tagesanzeiger
PlanzerReto,WSJ
CIGA_Design_UK,Blancpain1735
CIGA_Design_UK,AudemarsPiguet
CIGA_Design_UK,SwatchUS
CIGA_Design_UK,Breitling
CIGA_Design_UK,omegawatches
CIGA_Design_UK,TimelessLxWatch
CIGA_Design_UK,Bremont
CIGA_Design_UK,MoaningM
CIGA_Design_UK,Christo21115658
CIGA_Design_UK,GusPeguri9
CIGA_Design_UK,ddukcevich
CIGA_Design_UK,thehairspring
CIGA_Design_UK,VentouxW
CIGA_Design_UK,LearnWristwatch
CIGA_Design_UK,WatchesInfrared
CIGA_Design_UK,VintageHorology
CIGA_Design_UK,balpogato
CIGA_Design_UK,pak_lf
CIGA_Design_UK,watches_nz
CIGA_Design_UK,dieselboy28
CIGA_Design_UK,OruSebastian
CIGA_Design_UK,HiroUttamchand1
CIGA_Design_UK,baron8911
CIGA_Design_UK,R_M_Longthorpe
CIGA_Design_UK,markgtba
CIGA_Design_UK,Bic_Blanc
CIGA_Design_UK,CabaretChatNoir
CIGA_Design_UK,Good_Mufasa
CIGA_Design_UK,watch_hor
CIGA_Design_UK,Bellagiotime
CIGA_Design_UK,JoeToney9519
CIGA_Design_UK,WilliamHHise
CIGA_Design_UK,cheek2chic
CIGA_Design_UK,watchandco_
CIGA_Design_UK,Miz_Kiss
CIGA_Design_UK,LarsJohanJensen
CIGA_Design_UK,watchdotbid
CIGA_Design_UK,AndreaBorg17
CIGA_Design_UK,darrenmeade84
CIGA_Design_UK,Phoenix_WF
CIGA_Design_UK,RohmGB
CIGA_Design_UK,surrealsessions
CIGA_Design_UK,ReactionsWatch
CIGA_Design_UK,chrissherrill1
CIGA_Design_UK,UhrenGuru
CIGA_Design_UK,HarlemWatch
CIGA_Design_UK,mikeltedesco
CIGA_Design_UK,camnrobertson
CIGA_Design_UK,WatchPointDE1
CIGA_Design_UK,PatrickWatches
dickson56757320,bevalynekwambo3
dickson56757320,jerry_emeje
dickson56757320,kibukofridah
dickson56757320,Tabbykanyungu
dickson56757320,Rokismough
dickson56757320,Lastepisode9
dickson56757320,Icon___ke
dickson56757320,amandap26127611
dickson56757320,_ngatia_
dickson56757320,ltsKevinBosco
dickson56757320,ALomojo
dickson56757320,Ragez_z
dickson56757320,EmmanuelWanyon
dickson56757320,ZachMaina6
dickson56757320,salimo_thebrand
dickson56757320,Acetineo
dickson56757320,JoelMutemi7
dickson56757320,AtiekoLawrence
dickson56757320,aVirtualVoyager
dickson56757320,TeamMagwiji
dickson56757320,Deniekip
dickson56757320,SamNato
dickson56757320,shereenmukhoa
dickson56757320,Analyst_Phil
dickson56757320,WanjaNjubi
dickson56757320,safe_schoolske
dickson56757320,kenyapics
dickson56757320,BabieMarione
dickson56757320,veranvii
dickson56757320,wanene_wanduta
dickson56757320,AmozKipchirchir
dickson56757320,Itskip_koech
dickson56757320,cherieKE3
dickson56757320,djflashkenya
dickson56757320,AdelineWandati
dickson56757320,MaJuliah_Kelani
dickson56757320,vanceviker
dickson56757320,RabbitTheKing
dickson56757320,Virginchk
dickson56757320,William_idau
dickson56757320,MElirot
dickson56757320,WanyekiM1
dickson56757320,sellyamutabi
dickson56757320,nyambega_jared
dickson56757320,mzaziwillytuva
dickson56757320,AlfredMumboJnr
dickson56757320,WanguiNgirici
dickson56757320,Aboukar_Sky
dickson56757320,mulamwah
dickson56757320,Jr_LincolnKE
thehairspring,ComGeocovar
thehairspring,capmiller87
thehairspring,fabiomod77
thehairspring,BeckyChaos74
thehairspring,Brinkley_43
thehairspring,kopite1968
thehairspring,VytAud
thehairspring,TheTaraK
thehairspring,RicsarRenovate
thehairspring,lo_snickers
thehairspring,moritzley
thehairspring,SimonParkin
thehairspring,Mr_Ever
thehairspring,DavidARatz
thehairspring,raven185
thehairspring,PBiernatowski
thehairspring,peakhaus
thehairspring,Texasbozo
thehairspring,armandgoldman
thehairspring,429sohc
thehairspring,Jasper_Meurs
thehairspring,thenavinrana
thehairspring,EmmettEganSC
thehairspring,thedailyloren
thehairspring,LordSummerville
thehairspring,NahriZai
thehairspring,brandonwenerd
thehairspring,Superfredtb
thehairspring,BMassarsky
thehairspring,FredcoBarbosa
thehairspring,tokyoshashin
thehairspring,robert_vona
thehairspring,Thamijoy1
thehairspring,Denis_Gallagher
thehairspring,tomialex
thehairspring,Twatch06413
thehairspring,SanderFlorie
thehairspring,JordanClocks
thehairspring,Nicesteve4
thehairspring,slowpacespace
thehairspring,TpkPhotos
thehairspring,robbytatum69
thehairspring,LindiweMphlongo
thehairspring,sinn_depot
thehairspring,LauraWelsh12
thehairspring,JoeKutas
thehairspring,IMAGINATIONOne2
thehairspring,butter075
thehairspring,nizar_chaabani
thehairspring,jorge_tud
SwatchUK,SwatchUS
SwatchUK,evanahg
SwatchUK,l_w_clare
SwatchUK,RiggMark
SwatchUK,hart206
SwatchUK,minimode_lkfw
SwatchUK,WaverleyMallSC
SwatchUK,laurensneddon
SwatchUK,noteableyfood
SwatchUK,CarolManfio
SwatchUK,MerseyGirls
SwatchUK,shopsilverburn
SwatchUK,SchonMagazine
SwatchUK,tia_blanco
SwatchUK,RLEDuncan
SwatchUK,rdeanstone
SwatchUK,paul_marvell
SwatchUK,ace_mcgraw
SwatchUK,OlBentley
SwatchUK,RomeshRanga
SwatchUK,meli_margot
SwatchUK,jowood_trouty
SwatchUK,NICOLENEZEELIE
SwatchUK,GavinJSpencer
SwatchUK,gracejacksonx
SwatchUK,neonworkshops
SwatchUK,sydney9676
SwatchUK,storyhiii
SwatchUK,andynewellxx
SwatchUK,chatanm
SwatchUK,mikejolleyuk
SwatchUK,KatyDS1
SwatchUK,itsrobunderwood
SwatchUK,_Beth3
SwatchUK,AlexanderPanda7
SwatchUK,chnacat
SwatchUK,LukeFVL
SwatchUK,gsokale
SwatchUK,SurjKhera
SwatchUK,samanfacalv
SwatchUK,sisterlondon_
SwatchUK,CarnabyLondon
SwatchUK,charliemjmiller
SwatchUK,The_Bloggyman
SwatchUK,nixxybee
SwatchUK,taraldickson
SwatchUK,justakajamesde1
SwatchUK,ahopefuldad
SwatchUK,QueenPeachx
SwatchUK,AgriIzak
octonion,Atrix256
octonion,TimHenke9
octonion,Seb_Bratieres
octonion,princess_lychee
octonion,ENERMAXGlobal
octonion,AorusOfficial
octonion,Deepcoolglobal
octonion,GlobalLianli
octonion,bgavran3
octonion,srisatish
octonion,tokyocyb0rg
octonion,Joonie86
octonion,TonyElHabr
octonion,thomholwerda
octonion,RaptorCompSys
octonion,MyKittyVinnie
octonion,scruffkit
octonion,jenlooper
octonion,ShouldHaveCat
octonion,GShock_US
octonion,GSHOCK_OFFICIAL
octonion,Swatch
octonion,SwatchUS
octonion,lizthegrey
octonion,zxombie
octonion,CorelliumHQ
octonion,cmwdotme
octonion,btsportrugby
octonion,Sun_Ultra10
octonion,thorstenball
octonion,TomWestNBA
octonion,NISALeague
octonion,ted_bengal
octonion,uapersonal
octonion,BritishGQ
octonion,growingupzee
octonion,LeeSharpeNFL
octonion,Diablo_Siamese
octonion,konstructivizm
octonion,SylvanasAndVala
octonion,ASUS_ROGNA
octonion,the_misha
octonion,crumbalumb
octonion,mrfigarocat
octonion,giaset
octonion,Kotaku
octonion,Polygon
octonion,CocoNPops
octonion,jaymanji_
octonion,ChrisPirillo
