screen_name,location,created_at,language,created_year
denisec89,hazleton pa,2009-03-29 21:53:44,,2009
SCLefrere,"Earth üåé, Universe ‚ú®",2015-10-10 14:54:55,,2015
1110CLM,"√úT: 4.643729,-74.055476",2021-03-01 15:20:59,,2021
KyawBala16,,2021-02-03 12:19:38,,2021
karak78,,2008-10-07 15:46:19,,2008
viamatanzas,,2020-11-09 07:57:43,,2020
PlanzerReto,,2021-01-24 21:22:30,,2021
luimouro,,2020-03-21 14:40:47,,2020
CIGA_Design_UK,United Kingdom,2019-06-26 10:06:34,,2019
dickson56757320,,2021-02-23 17:51:04,,2021
thehairspring,,2017-03-27 14:36:34,,2017
SwatchUK,London,2015-01-07 11:56:15,,2015
octonion,"Versailles, KY",2009-09-27 19:25:04,,2009
Cross_pp,"Osaka,JAPAN",2010-02-13 02:41:41,,2010
SPProDesign,"Distrito Federal, M√©xico",2019-08-08 06:13:41,,2019
rickmaderis,"Portland, OR",2018-01-20 03:32:36,,2018
ChingizMB,Uzbekistan,2011-04-05 10:53:14,,2011
Rindon23,,2016-09-04 01:44:57,,2016
light38373096,,2018-06-15 09:15:02,,2018
Alocak5,"Vinhedo, Brasil",2021-01-31 13:28:24,,2021
justcallmemrzp,"Mobile, AL",2009-03-09 14:26:18,,2009
Shoegirl1970,Houston,2008-11-08 04:16:42,,2008
laithbarfi,,2013-10-02 11:11:17,,2013
VonTheRealtor,"Dallas, TX",2020-06-11 04:51:26,,2020
JCRascal,San Francisco Bay Area,2009-02-06 18:13:17,,2009
brunovauthier26,,2016-01-02 15:53:32,,2016
MicaelaMezzasa1,,2020-09-30 12:14:19,,2020
cmorgan1624,Reading  / hometown :coventry,2012-12-14 18:08:42,,2012
ardawd123,Mississippi,2012-12-02 17:33:23,,2012
technosoul,Minnesota,2009-06-02 23:50:03,,2009
BizLawyer,NYC & Nashville,2007-10-02 18:33:32,,2007
5707a08853e04a3,,2014-12-14 12:04:38,,2014
ecbradley83,Uxbridge,2013-01-03 20:03:23,,2013
TheTeamWayne,"Portsmouth, VA",2010-09-12 15:38:12,,2010
ordyne_pijay,,2016-07-28 13:27:51,,2016
AdorableBub,"Lagos, Nigeria",2011-09-17 20:18:56,,2011
MdArifu76802938,Bangladesh,2021-02-15 04:12:19,,2021
Baseballand5SOS,Georgia,2010-02-22 01:29:08,,2010
humpyourdick,,2021-01-29 20:49:26,,2021
jhamilton74,"Tacoma, WA",2012-07-30 18:40:21,,2012
RabbiAh53929817,"Sylhet,Bangladesh",2021-01-21 04:06:08,,2021
Draxyl,Lethon,2015-02-24 21:05:13,,2015
hejustgaveup,,2009-07-03 21:02:41,,2009
TheBratley,"Seattle, WA",2011-10-08 23:13:35,,2011
kayman3777,"Spartanburg, SC",2009-07-22 07:47:32,,2009
JohnTay58301707,"Tallahassee, FLA",2019-09-13 23:35:49,,2019
bezelchain,,2019-08-01 08:29:51,,2019
hedhlibechir1,,2020-04-14 20:42:55,,2020
chanyeol_ispure,,2020-05-24 11:57:45,,2020
uchusen,I haven't decided,2009-05-22 04:40:01,,2009
watchville,San Francisco,2014-10-20 20:25:33,,2014
HODINKEE,"New York, USA",2009-02-11 03:20:52,,2009
AmazonFashion,,2012-09-12 00:34:10,,2012
amazon,"Seattle, Washington",2009-02-13 18:39:54,,2009
WatchTime,"New York, NY",2012-03-02 16:56:10,,2012
aBlogtoWatch,Los Angeles,2009-02-08 07:40:09,,2009
watchprolive,"London, England",2010-12-02 10:11:16,,2010
MatthiasDandois,"Paris, France",2010-01-30 02:18:38,,2010
wsl,Planet Earth,2009-03-02 04:13:57,,2009
VANS_66,"California, USA",2008-07-10 21:36:30,,2008
briangalindo,"Los Angeles, CA",2013-02-12 23:09:47,,2013
LesBatt,UK,2011-06-23 06:50:50,,2011
conorstanage,"Belfast, N. Ireland",2012-05-14 06:31:49,,2012
CNN,,2007-02-09 00:35:02,,2007
altonbrown,Everywhere,2011-05-06 02:48:47,,2011
MeltingIce,USA,2007-01-16 01:59:20,,2007
McDonalds,,2009-09-02 17:46:43,,2009
BurgerKing,,2010-07-16 15:08:05,,2010
Wendys,,2009-07-23 18:54:01,,2009
netflix,"California, USA",2008-10-03 04:16:17,,2008
DroneRaceLeague,,2015-05-07 20:08:33,,2015
ComplexCon,,2016-02-16 16:23:35,,2016
hypebae,,2015-10-16 03:57:35,,2015
VICESports,,2011-09-09 19:42:49,,2011
TIME,,2008-04-03 13:54:30,,2008
thehundreds,"Los Angeles, California",2009-05-26 01:37:57,,2009
SInow,"New York, NY",2009-04-02 16:42:30,,2009
ww_review,NYC,2014-09-07 02:09:29,,2014
BeachMajors,Vienna,2015-02-24 15:23:35,,2015
ComplexStyle,,2011-01-26 12:54:42,,2011
WIREDInsider,,2009-04-13 17:58:42,,2009
Hearst,NYC,2009-02-26 16:37:10,,2009
RooseveltField,Garden City NY 11530,2010-07-08 18:57:06,,2010
WIRED,San Francisco/New York,2007-03-17 09:57:25,,2007
ShopFashionMall,"Indianapolis, IN",2010-07-06 18:20:52,,2010
ShopTysons,"McLean, VA",2009-05-14 21:54:41,,2009
HoustonGalleria,"Houston, Texas",2009-08-10 16:35:56,,2009
NorthParkCenter,"Dallas, TX",2009-06-08 22:08:27,,2009
KoP_Mall,"King of Prussia, PA",2009-04-14 18:28:30,,2009
Queens_Center,"Elmhurst, NY",2009-05-14 21:15:31,,2009
GSPlaza,"Paramus, NJ",2009-05-22 13:26:19,,2009
mallofamerica,"Bloomington, Minnesota",2008-07-23 15:39:12,,2008
WoodfieldMall,"Schaumburg, IL",2010-10-19 21:51:46,,2010
AlaMoanaCenter,"Honolulu, Hawaii",2008-08-15 03:34:56,,2008
ShopFloridaMall,"Orlando, FL",2010-07-06 18:28:00,,2010
ShopDadeland,"Miami, Florida, USA",2010-05-20 18:22:37,,2010
ShopMerrickPark,"Coral Gables (Miami), FL",2009-10-15 20:22:00,,2009
AventuraMall,"19501 Biscayne Blvd, Miami, FL",2009-04-28 17:03:44,,2009
0024WatchWorld,Almere,2010-03-23 11:12:16,,2010
PSUHazleton,"Hazleton, PA",2011-02-14 16:16:02,,2011
ada25celebrate,,2015-06-12 21:06:16,,2015
NedryVirginia,,2021-01-22 14:09:28,,2021
PMendey,,2021-01-14 16:25:17,,2021
SJungleib,"Palo Alto, CA",2013-01-29 18:15:53,,2013
bluecollarpod,Pennsylvania,2017-05-13 01:55:52,,2017
PghNittany,,2011-11-01 00:09:43,,2011
AlagieHuma4,,2020-12-27 08:46:20,,2020
dinahaddie,"A John Samson show, probably",2015-04-06 13:35:31,,2015
AJanesch,,2018-06-30 13:48:11,,2018
fortheblogy,,2020-10-06 02:47:44,,2020
Amandas27702,,2020-02-10 16:23:34,,2020
Tiffany76416313,"Hazleton,PA",2020-12-16 04:46:02,,2020
SANDRALOUKING,Ohio,2017-10-15 01:24:58,,2017
KevinJo06746091,Los Angeles California ,2020-12-19 12:05:56,,2020
BabaDrammeh19,,2020-11-15 10:18:06,,2020
MikePennState,"New York, NY",2019-04-11 16:00:43,,2019
Tabubu333,,2020-10-28 11:19:13,,2020
PrintCorcoran,"Wilkes-Barre, PA",2011-05-11 13:08:38,,2011
billcorcoranjr,"Wilkes-Barre, PA",2010-09-08 17:49:02,,2010
boogenites21,"Glen Burnie, MD",2011-07-24 12:26:24,,2011
Battle15B,,2018-03-24 22:32:19,,2018
Nolebucgrl,"Tampa, FL",2008-10-11 20:12:37,,2008
BellaBrinks3,,2020-11-21 22:25:30,,2020
PSU_LakeErie,Penn State Alumni,2012-09-06 19:44:53,,2012
CATABUS,"State College, PA",2009-01-02 17:44:29,,2009
dollarxone,,2020-11-04 19:58:05,,2020
order_company,"California, USA",2020-07-17 08:58:15,,2020
The_Lions_Paw,"Pittsburgh, PA",2020-11-10 16:13:08,,2020
TankSchottle,,2011-07-03 12:54:43,,2011
NewYorkCity_b,Internet,2014-08-13 00:55:37,,2014
map408psu,"Fairfax, VA",2007-07-24 19:19:12,,2007
ChrisMattCook,,2012-07-11 17:37:27,,2012
29TimKing,,2013-09-16 00:57:36,,2013
bianca_rackley,,2020-06-27 16:51:38,,2020
PSU_FB_Thoughts,,2019-09-02 17:30:37,,2019
JPellegrini1983,"Long Island, New York",2011-04-17 02:56:03,,2011
KawusuSanneh,,2020-04-19 17:24:27,,2020
SearchWarrant1,,2019-10-18 02:06:37,,2019
JRSnedden,"State College, PA & Western NY",2015-10-18 21:47:13,,2015
possum96075879,"Pennsylvania, USA",2018-02-27 01:30:36,,2018
Sylvest13623390,Gambia,2020-03-06 19:54:45,,2020
ECSReviveMedspa,,2019-10-17 23:35:12,,2019
FleekPhotograp1,"McAdoo, PA",2019-07-23 06:49:14,,2019
CounselingEtc,"Norfolk, VA",2018-05-21 18:10:56,,2018
PSPTroopNPIO,"Hazleton, PA",2017-08-24 17:19:16,,2017
WomanOfTheVoid,United States,2018-11-29 02:05:25,,2018
nflliveplay,United states,2018-12-10 09:33:48,,2018
TiffanyHutton12,Weston PA.,2018-10-29 02:45:21,,2018
ViscoKimberly,"New Jersey, USA",2018-08-09 16:57:26,,2018
EU_GreenCapital,,2010-12-22 17:00:13,,2010
pernelleb22,"Meudon, France",2017-02-04 22:31:39,,2017
MarkusMelin1,Joensuu,2020-09-15 09:40:01,,2020
savepondhockey,"Helsinki, Finland",2016-01-10 20:51:37,,2016
ADEFCAF,,2020-09-10 09:12:32,,2020
stevebaynes,"Helsinki, Finland",2015-08-20 06:30:09,,2015
paveldevyatkin,,2020-10-15 12:23:36,,2020
sejorg,,2009-07-23 16:32:18,,2009
cantpretendtoo,"Pigeon Forge, TN",2016-03-21 21:05:02,,2016
NadaFarhoud,"Brighton, England",2009-03-10 15:49:24,,2009
Vegathlet,,2020-11-23 21:20:26,,2020
VoteTrumpPics,USA,2016-09-09 02:39:17,,2016
CanadaArctic,,2016-03-10 16:54:30,,2016
Douglas15225883,"Quincy, Massachusetts",2020-11-05 06:54:26,,2020
JanosVargha,"Budapest, Hungary",2016-06-13 22:05:38,,2016
enviro_matters,Slovak Republic,2019-05-13 07:57:02,,2019
jmcappiello,United States,2011-08-08 22:47:15,,2011
Strategistic,,2020-09-28 15:52:12,,2020
BeThePolls,,2015-04-11 17:56:42,,2015
InclusiveNorth,Canada,2020-08-19 04:59:35,,2020
OpenStrum,Canada,2013-05-17 18:15:29,,2013
jharveylewis,Unceded,2018-12-25 09:09:39,,2018
Britnatureguide,,2014-11-07 22:34:31,,2014
arcticbureau,,2019-12-20 11:55:38,,2019
GrainesPop,,2020-07-15 20:36:43,,2020
northern__forum,"–Ø–∫—É—Ç—Å–∫, –†–æ—Å—Å–∏—è",2019-10-29 07:12:24,,2019
sdwgsecretariat,,2019-06-07 01:38:55,,2019
_SaveOurStatues,UK,2020-06-09 18:02:58,,2020
arcticyouthnet,,2019-10-10 23:48:53,,2019
ThinkCDS,"Washington, DC",2014-08-13 02:09:45,,2014
JeremiahPariag,"Toronto, Ontario",2011-07-11 06:10:14,,2011
TheGordonFdn,"Toronto, Ontario",2011-04-13 18:14:20,,2011
toncarrera,"Madrid, Spain",2011-01-28 14:53:35,,2011
NuitdesEcoles,France,2020-06-17 16:45:17,,2020
JoannaParkinUK,"London, England",2017-09-30 22:11:39,,2017
EU_ENV,Brussels,2011-09-01 13:23:21,,2011
GAddiction06,"Nice, France",2012-12-12 18:57:40,,2012
biret,"Inari, Finland",2008-06-23 09:56:53,,2008
BobJallow2,,2019-06-29 09:30:28,,2019
BatLabFinland,,2020-05-21 08:57:49,,2020
Stabzy_Rehab,,2018-03-18 18:31:37,,2018
henriramberg,"Rovaniemi, Finland",2009-12-16 17:44:11,,2009
estellayoung27,,2012-05-01 19:42:57,,2012
Polar_Katya,,2014-10-23 12:18:56,,2014
HenriWallen,Rovaniemi,2011-03-29 09:40:24,,2011
lalo_blutkind,Mexico City,2010-02-13 19:36:02,,2010
JacquelineIDE92,,2020-06-19 08:50:52,,2020
Unistellar,"Marseille, France",2016-07-10 11:29:00,,2016
MariaVaittinen,,2015-06-30 05:21:47,,2015
pinnanalta,Suomi,2011-11-04 12:07:14,,2011
datafeeds_net,The internet,2020-09-30 20:47:41,,2020
copshoehot,,2019-05-22 09:42:29,,2019
MerryChirt,EveryWhere,2019-04-15 09:08:20,,2019
TonyTallor,"Us, France",2019-04-12 13:16:21,,2019
mathisonelizabe,Omaha,2020-12-26 14:30:05,,2020
MWatsonvg,,2020-12-24 22:17:13,,2020
NancyWr27573812,http://bit.ly/2Pl2Frl,2021-01-01 23:12:14,,2021
SheriKaiser1,,2021-02-24 14:53:10,,2021
JaRodriguezM_,Cali,2013-05-20 02:28:05,,2013
germansantolim2,"Ibagu√©, Colombia",2016-12-07 00:14:43,,2016
TylerWillettez,,2020-11-28 14:56:22,,2020
fantauffizio,Ufficio Del Fanta,2021-03-01 17:33:27,,2021
persoibague,"Ibagu√©, Colombia",2013-10-11 15:21:26,,2013
PhyoThi_,Myanmar,2021-02-04 08:52:37,,2021
nyeinthanthar,,2021-02-25 08:54:23,,2021
AungMin33961670,,2021-02-04 01:56:02,,2021
pyaephyokyaw996,"yangon,myanmar",2012-11-06 16:41:16,,2012
KaungHann,Myanmar,2021-02-25 18:16:11,,2021
Phyothi43770398,,2021-02-25 14:36:18,,2021
thazin95370546,,2021-02-04 04:05:41,,2021
JasmineYadi,,2021-02-08 06:25:36,,2021
MyatSu12990111,,2021-02-04 01:30:14,,2021
SuSanda65494738,,2021-02-04 01:48:00,,2021
Susan31150214,,2021-02-04 02:09:29,,2021
JenniferAung23,Singapore,2021-02-06 07:01:53,,2021
Nayyi87457859,,2021-02-04 01:28:19,,2021
ZygodHtet,Yangon ,2018-02-04 18:15:29,,2018
laewai85,French Guiana,2021-02-05 06:21:14,,2021
YoonThetPan,United States,2021-02-03 07:06:23,,2021
Akari26307326,,2021-02-04 05:22:54,,2021
AyePyaePhyo16,,2021-02-04 03:41:21,,2021
EiPwint31,,2021-02-04 09:33:35,,2021
YanNain88720520,,2021-02-03 15:11:57,,2021
smigoldong,,2021-02-04 06:34:03,,2021
MeMeAungMoe5,,2021-02-03 04:44:33,,2021
YoonThi23263661,,2021-02-03 12:45:08,,2021
kitkit52664322,,2021-02-04 03:59:37,,2021
KhinMaMaSoe3,,2021-02-04 01:25:45,,2021
ZNWint1,"England, United Kingdom",2021-02-04 07:57:21,,2021
Theint73612149,,2020-04-11 09:19:16,,2020
hsuhlaingmoe,,2021-02-03 16:27:37,,2021
WaiYanA92042148,Myanmar,2021-02-03 16:05:27,,2021
Elina27889121,,2021-02-03 11:03:59,,2021
AungMyo70384891,Myanmar,2021-02-03 15:20:07,,2021
KhaingLoon,,2021-02-03 10:09:54,,2021
hoam_mo,,2021-02-03 10:29:17,,2021
ThitHtooHan7,,2021-02-04 06:01:31,,2021
TunMyatMyintOo,Myanmar,2015-10-10 10:29:35,,2015
Phyoeei13,,2021-02-03 11:29:07,,2021
mpwint99,Myanmar,2021-02-03 11:37:08,,2021
HlwanHtetMoe,,2021-02-04 03:15:57,,2021
Chuuu82056743,United Kingdom,2021-02-03 11:24:50,,2021
Kelly31762317,Yangon,2021-02-03 13:15:47,,2021
MyoMin68932594,,2021-02-03 11:50:19,,2021
Lmmisme1,,2020-09-26 06:49:23,,2020
saikyawlinhan11,"Osaka-shi Nishinari-ku, Osaka",2015-05-12 13:08:32,,2015
choi_ponyo,,2020-04-15 14:42:56,,2020
Wah49110303,,2021-02-03 05:09:16,,2021
Sofia43437145,Myanmar,2021-02-03 17:24:10,,2021
htethtinlin,Myanmar,2021-02-03 17:09:17,,2021
SawWaiYanLinAu1,Myanmar,2021-02-03 13:30:44,,2021
ThantHtet_Ag,Myanmar,2016-06-28 11:23:30,,2016
Traccymo,,2018-08-04 04:03:19,,2018
LoriDEsq,"Philadelphia, PA",2018-12-27 02:57:15,,2018
prolifesf,"San Francisco, CA",2018-04-06 17:58:47,,2018
WakayaGroup,"Wakaya Island, Fiji",2019-07-03 20:29:16,,2019
sea_viewresort,Koh Mak,2017-11-22 15:05:31,,2017
JulieWelkerRE,"Philadelphia, Pennsylvania",2014-11-12 21:22:30,,2014
TechCaregiving,"Florida, USA",2019-02-26 23:33:43,,2019
Ablie111,,2019-12-10 19:45:07,,2019
lorinkillian,"New York, NY",2011-08-28 18:42:26,,2011
geekb_solution,"Dhaka, Bangladesh",2019-05-20 18:05:08,,2019
HusslemanT56,"Honolulu, HI",2019-05-13 01:26:21,,2019
PhillyBite,"Philadelphia, PA",2015-05-20 00:19:45,,2015
aliciakeysfan69,,2019-02-11 02:55:04,,2019
Matt_VanDyke,Philadelphia,2011-12-07 21:56:51,,2011
codepink,Everywhere,2008-08-12 13:44:56,,2008
FanTheangel,,2018-09-20 08:57:02,,2018
EaglesTheangel,,2018-09-20 10:56:06,,2018
BTW87681362,,2013-12-29 17:47:18,,2013
samueladjanie,"Jersey City, NJ",2017-10-11 01:30:19,,2017
Paulrog98607318,Tanzania,2017-12-27 01:28:18,,2017
Dinorossi14,,2017-10-06 16:42:48,,2017
MadeleineDean,"Abington, PA",2017-11-29 03:48:31,,2017
DrunkDolphinGal,"The Ocean, where dolphins live",2017-01-06 02:28:21,,2017
LVServices,,2013-03-26 17:13:37,,2013
andythefool,South Jersey,2011-01-04 17:39:42,,2011
Motivated2Accel,"Philadelphia, PA",2015-02-13 05:07:23,,2015
pcmsconcerts,"Philadelphia, PA",2009-04-13 15:15:06,,2009
MrChuckD,EarthiZen,2009-04-27 19:21:49,,2009
Merentia,"Cape Town, South Africa",2009-03-04 07:34:06,,2009
MyPatcoApp,"Philadelphia, PA",2015-12-30 05:15:05,,2015
ceceiliabtutor,"New York, USA",2015-10-14 12:05:52,,2015
TheMatterofLife,"California, USA",2016-05-15 05:24:46,,2016
gxvinxnderson,"astana, kazakhstan",2012-12-24 21:06:49,,2012
jessicacmchugh1,United States,2016-04-14 23:44:36,,2016
jacobemiles,"iPhone: 31.855722,-106.515877",2009-06-20 16:45:36,,2009
mbaprojsearch,Washington DC ,2012-07-12 14:30:35,,2012
NJFoodGroup,"Nutley, NJ",2014-09-24 01:35:15,,2014
EatingInSJersey,Forked River NJ,2008-09-07 23:39:31,,2008
CGIRacing,,2012-10-20 23:58:40,,2012
LOVERUNPHILLY,"Philadelphia, PA",2013-09-24 13:13:28,,2013
NancyLowell,"Philadelphia, PA",2013-06-05 21:03:36,,2013
SWCCRun,Southwest Center City,2011-04-21 02:59:13,,2011
TleaBookQuest,South New Jersey,2013-05-30 03:41:11,,2013
girltankorg,Global,2011-02-26 01:57:07,,2011
boffenl,Singapore,2009-06-04 05:47:40,,2009
stayter,"Philadelphia, PA",2009-02-04 22:12:39,,2009
PenguinDawn,New Jersey,2010-02-11 11:34:11,,2010
PhilaFoodie,"Philadelphia, PA",2007-01-25 22:56:27,,2007
CrissaShoemaker,"Bucks County, PA",2010-11-11 15:20:05,,2010
SunflowerTruck,,2013-01-14 23:54:41,,2013
Citibank,,2009-10-06 18:49:45,,2009
KIKOWireless,New York,2012-05-10 20:59:30,,2012
HistorySwiss,,2019-04-30 12:35:04,,2019
cforman4_,"New York, NY",2020-12-13 01:25:39,,2020
black_goosey,"London, England",2011-11-12 21:03:36,,2011
HardcupRU,"–ü–µ–Ω–∑–∞, –†–æ—Å—Å–∏—è",2021-02-21 08:32:52,,2021
salvamanzoni,"Budapest, Hungary",2011-09-03 12:25:07,,2011
TyagiG82504568,,2021-01-28 10:47:31,,2021
laura_nov05,Planet Earth ‚úà,2010-05-03 15:42:24,,2010
WatchesOrient,,2020-07-08 06:48:44,,2020
AlexandersofLon,London,2012-09-04 10:36:48,,2012
mynextwatch,,2020-07-29 10:35:47,,2020
adiokcollection,Nigeria,2020-08-15 02:24:47,,2020
MoaningM,South West Wales,2009-02-24 16:23:53,,2009
danieljkerr1,,2009-11-11 12:20:55,,2009
Christo21115658,,2021-02-18 02:09:36,,2021
GusPeguri9,Montevideo,2017-07-21 12:11:35,,2017
regularguywatch,"Lima, Per√∫",2015-01-14 01:57:39,,2015
VentouxW,,2020-10-23 05:59:38,,2020
ddukcevich,Providence,2007-07-24 14:54:09,,2007
LearnWristwatch,United States,2021-02-18 08:16:27,,2021
VintageHorology,,2021-01-31 11:34:09,,2021
nandezwatches,,2021-02-12 01:35:40,,2021
padmac71,"Kilmarnock, Scotland",2012-03-17 19:12:32,,2012
BusinessFF_com,United States,2016-05-09 22:31:55,,2016
R_M_Longthorpe,"Halifax, England",2016-12-09 07:05:14,,2016
gift_promotion,"factory in China, office in England.",2012-04-19 13:22:44,,2012
OruSebastian,"Port Harcourt, Nigeria",2012-06-04 08:22:25,,2012
paulparkman,"Nottingham, England",2012-01-05 15:03:59,,2012
CanadaWatchLab,"Burnaby, British Columbia",2021-01-12 01:51:10,,2021
V_a_e_s,,2020-04-16 23:33:29,,2020
baron8911,‰∏≠Âçé‰∫∫Ê∞ëÂÖ±ÂíåÂõΩ,2019-01-22 04:33:51,,2019
Kendamjapa,,2020-01-26 13:35:20,,2020
HiroUttamchand1,,2021-01-18 00:01:02,,2021
shrink31,En el norte,2010-06-28 14:42:47,,2010
prisha252,,2020-12-23 11:49:40,,2020
markgtba,Glasgow,2011-05-12 18:15:36,,2011
Bic_Blanc,"üìçMontreal, Ca",2017-04-20 14:16:06,,2017
turbo___s,,2019-07-14 06:52:25,,2019
Good_Mufasa,Somewhere,2020-05-21 22:14:57,,2020
CabaretChatNoir,A Place Only You... Meow üêà‚Äç‚¨õ,2015-01-12 17:13:19,,2015
watch_hor,Jersey,2021-01-24 22:50:34,,2021
WCollection24,"New York, USA",2021-01-11 09:41:00,,2021
YannyChristian1,,2020-12-20 14:34:34,,2020
Bellagiotime,Somewhere In Time,2016-03-20 20:22:51,,2016
JoeToney9519,"Converse, LA",2020-12-24 21:21:17,,2020
WilliamHHise,Pale Blue Dot,2014-05-28 18:31:07,,2014
AasmahQasim,Pakistan,2021-01-18 16:02:29,,2021
Bobbma1,"Alsace, France",2019-03-31 12:46:08,,2019
watchandco_,"Andorra la Vella, Andorra",2021-01-20 13:37:15,,2021
zammit_marc,London/UK/,2010-06-08 02:16:57,,2010
cheek2chic,"Johannesburg, South Africa",2009-05-05 12:23:02,,2009
Miz_Kiss,"Ibadan, Nigeria",2020-02-21 10:16:50,,2020
kanjerii,Nairobi kenya,2013-08-04 14:49:26,,2013
aurawenslas,"Nairobi, Kenya",2019-10-23 11:01:29,,2019
Ragez_z,Mama Africa,2015-12-14 11:15:18,,2015
cherieKE3,"Kericho, Kenya",2021-02-02 17:36:03,,2021
Itskip_koech,,2019-06-23 15:40:28,,2019
MaJuliah_Kelani,"Nairobi, Kenya ",2020-02-15 12:11:37,,2020
ManKuraiha,With your bii....,2018-12-02 16:07:52,,2018
jFNrswsQlaRyTH1,"A√Æn Chock, Royaume du Maroc",2020-08-09 21:17:17,,2020
AmozKipchirchir,Nairobi-KENYA,2014-03-27 21:34:35,,2014
misae61354446,United state,2020-05-08 23:49:53,,2020
osullivan37shan,Sandy Springs,2021-02-14 17:04:24,,2021
NorthBmw,"Chatswood Showroom: 676 Pacific Highway Chatswood, NSW,  & the  Mosman Showroom: 261/263 Military Rd, Cremorne NSW 2090",2019-01-11 01:01:09,,2019
KipkenyKoech,,2013-09-04 20:16:53,,2013
DefranceShirly,,2021-02-15 17:29:49,,2021
lawrencekitema,"Nairobi,Kenya",2012-05-18 17:29:42,,2012
Attehdavid3,Kenya,2020-08-20 05:33:52,,2020
EkapelEdgar5,Katakwa Teso,2020-06-08 09:31:58,,2020
Steve77360512,,2019-09-13 18:14:17,,2019
earlvin20,NairobiüåÉüåâ,2021-02-01 15:43:13,,2021
NickKones,Kenya,2021-01-20 08:53:40,,2021
MutwiriKiambi,,2020-04-03 18:23:40,,2020
AnsoneCathy,"Nairobi, Kenya",2020-08-13 09:13:37,,2020
busolomaareess,NAIROBI,2013-04-21 05:27:23,,2013
KenyaOn70901895,,2020-06-17 10:26:12,,2020
MarkDaPrince3,,2020-10-25 08:56:32,,2020
alasirimotors,"Mombasa, Kenya",2020-02-15 22:15:48,,2020
CButorire,"Bungoma, Kenya",2021-02-21 12:10:54,,2021
AndaleArafat,"Kisumu, Kenya",2015-03-01 18:11:29,,2015
dancan_awuori,"Kisumu, Kenya",2021-02-26 13:58:22,,2021
samkyril,Kenya,2013-04-10 15:58:08,,2013
BenedictOwuor,,2014-11-29 13:34:55,,2014
master_vinnie,,2012-07-18 10:02:23,,2012
Sydneykinyozi08,"Wajir, Kenya",2020-06-29 10:16:53,,2020
Rheeesus,"Connecticut, USA",2013-08-09 18:09:09,,2013
mcebisco,Nigeria,2013-10-20 20:34:06,,2013
AlexNjenga205,Uknown ,2017-02-03 07:50:59,,2017
tashmitambo,"Nairobi,Kenya",2010-10-17 07:17:16,,2010
AlbertKomora,"Nairobi, Kenya",2019-03-20 07:51:45,,2019
Chris_D_Odero,,2018-04-13 21:24:54,,2018
Philip17643558,,2020-10-01 07:45:13,,2020
SustainableEne9,"Rome, Lazio",2020-08-04 22:42:52,,2020
way_of_sword,Central Bohemia,2018-01-26 19:18:13,,2018
capmiller87,,2018-09-12 05:06:58,,2018
TheoThomopoulos,"Connecticut, USA",2017-01-25 15:02:57,,2017
EhlertACE,,2020-05-22 17:23:43,,2020
EncheresDogny,"Lausanne, Switzerland",2013-05-30 11:12:07,,2013
dialbacktime,"New York, USA",2021-02-25 03:45:09,,2021
wwmatchbox,"Newark, NJ",2020-11-16 17:44:52,,2020
FlorstyleJ,,2021-03-01 19:30:12,,2021
nmcaspar,"Quer√©taro Arteaga, M√©xico",2021-02-03 16:23:54,,2021
mferrante03,"Vienna, Austria",2010-07-24 21:19:20,,2010
Hussien19852795,"Louvain, Belgium",2021-02-06 09:12:23,,2021
PeBeWi,"Woodstock, Ontario",2016-06-16 02:23:27,,2016
abhisheksardana,India,2010-02-24 14:52:34,,2010
JohnHDuval,,2018-01-18 16:46:34,,2018
MikeKuiken,"Chicago, IL, USA",2010-01-28 02:37:23,,2010
DeFiTrustFund,,2021-02-09 19:01:17,,2021
HornTweeter,,2009-04-30 01:56:27,,2009
bald_watches,Earth,2020-10-14 21:08:24,,2020
kopite1968,,2010-11-16 20:19:17,,2010
GGand,,2011-11-09 18:35:30,,2011
Manners15,"permanent holiday, colonial.",2011-11-21 11:09:06,,2011
mrsarbazi,,2015-02-12 20:27:30,,2015
TheTaraK,wherever I am. üíÉüèªüò∑,2012-04-26 04:08:28,,2012
aacirino,Belo Horizonte,2012-01-26 17:52:27,,2012
MrAAC84,"Liverpool, England",2009-07-11 14:10:35,,2009
KingKb93525042,,2021-01-05 04:52:26,,2021
_Pol__Pot,Enfer,2019-08-14 13:34:16,,2019
SimonSwblundell,,2016-06-16 08:46:59,,2016
Accidie14,British Columbia,2019-01-24 19:59:13,,2019
rm86678921,,2017-04-18 11:55:22,,2017
SontoKuyarou,ÁæéÁôªÈØâÊ©ã,2018-12-08 12:46:11,,2018
Bonnie68216049,Guangzhou,2021-01-14 07:50:29,,2021
coedo_arajuku, ÂüºÁéâÁúåÂ∑ùË∂äÂ∏ÇÊñ∞ÂÆøÁî∫Ôºñ‰∏ÅÁõÆÔºì‚àíÔºï,2020-04-20 05:25:01,,2020
ChristeaanJ,,2019-09-14 08:13:52,,2019
Jennifer_77331,üìç US üá∫üá∏,2010-01-27 10:00:47,,2010
Sven0061,Sydney,2010-06-09 12:29:38,,2010
NRN_watch,,2018-12-15 15:34:11,,2018
emoryt054,"Wadsworth, IL",2015-10-12 12:18:58,,2015
benwinz1,,2020-12-17 20:15:40,,2020
COFFEEBREAK911,,2018-04-07 23:32:28,,2018
ANTONIOSTEARDO,Salerno ,2011-02-26 19:03:55,,2011
KahaneJeff,Los Angeles,2013-09-28 04:26:47,,2013
realBillyMurga,"Trujillo, Peru",2010-07-10 03:16:20,,2010
globalserv75,66 av philippe auguste 11Paris,2020-01-31 15:31:04,,2020
ElDaka22,Movimiento Perpetuo,2016-08-02 16:46:03,,2016
maximus63736557,,2019-10-25 14:03:51,,2019
HerbertRSim,"London, England",2009-08-14 04:44:14,,2009
warpigs76,,2011-11-20 09:38:52,,2011
Barry_Carrot,"London, England",2011-01-10 11:37:33,,2011
newlovegeog,"York, England",2019-09-02 15:11:03,,2019
ollie13550482,,2021-03-02 07:14:18,,2021
stbmusic1,,2019-08-31 12:55:48,,2019
SwatchAl,,2019-11-04 14:01:12,,2019
SeanRJordan,England,2014-01-15 23:34:08,,2014
AIRretail,,2020-01-29 12:44:47,,2020
Chike68484440,,2021-02-13 12:14:06,,2021
DavidWa53158736,"London Paris, NYC, anywhere",2021-01-12 09:39:25,,2021
WatchShop,UK,2009-03-17 22:58:11,,2009
rockthecasbah77,My Safe European Home,2009-11-07 11:05:23,,2009
Bsingh70246759,,2018-03-14 15:12:42,,2018
brinkeguthrie,SFO,2012-02-06 20:37:52,,2012
EssexPR,"Essex , UK üá¨üáß",2009-05-21 23:31:33,,2009
SChumbit,,2020-06-22 15:41:44,,2020
xJakiix,S“â¬†∆àœÉ‘µ‚ÑìŒ±…≥‘É‚òÅ,2021-01-26 21:35:33,,2021
a_roey93,,2018-11-05 19:58:07,,2018
Cakes_in_Essex,,2009-07-06 15:23:22,,2009
TheRealSqueal,,2012-06-12 17:02:14,,2012
Nina_Gregory6,"Lytham St. Annes, England",2016-10-06 11:23:23,,2016
TinoCastro16,,2021-01-31 17:34:41,,2021
Maroua_Beddadi,Tunisia,2011-01-23 14:43:12,,2011
OmorZayn,,2020-09-12 10:01:48,,2020
RoadHouseGG,London,2010-05-24 19:23:59,,2010
_PeterBennett,"Manchester, England",2011-05-22 20:51:05,,2011
jsswgh,Manchester,2008-10-24 16:16:50,,2008
BridgetOlubunm1,,2021-01-23 13:24:44,,2021
ayeesharaza1111,,2019-05-14 21:23:00,,2019
mcgills2511,,2015-01-12 14:35:58,,2015
greene6735,London,2009-05-11 19:06:57,,2009
MPrasad50298590,,2021-01-21 12:36:31,,2021
AlishaH89634585,,2021-01-24 13:18:43,,2021
NetMarketingTr1,,2020-12-13 19:21:51,,2020
plymavfc,"Plymouth, England",2020-01-02 17:58:22,,2020
KatewheelerKate,,2014-02-09 21:13:44,,2014
WebDublin,"Dublin, Ireland",2009-02-25 20:59:25,,2009
hecubus922,"Florida, USA",2012-01-04 00:21:32,,2012
WBvCnrV5l0Xs3DD,,2021-01-16 15:53:39,,2021
ConnorL26770185,,2020-11-07 17:53:40,,2020
Carroll67,"Warrington, England",2010-03-18 18:06:22,,2010
WatchesScottish,,2019-01-12 14:03:08,,2019
Johnny64078708,,2020-03-25 22:52:47,,2020
Verylongbike,"Wolverhampton , UK",2010-09-14 12:02:06,,2010
gsmarks42,"London, England",2014-01-21 17:53:00,,2014
RH18415,UK,2012-01-07 10:02:40,,2012
roboguy20,,2020-03-22 06:08:07,,2020
ashzashwash,tokyo,2010-01-21 15:31:56,,2010
LilyRyan_fx,DM ME FOR MORE INFO,2021-03-04 00:16:28,,2021
HackerSpaceTech,"Denton, TX",2011-06-07 23:57:42,,2011
Anorak52549823,,2020-07-27 07:58:06,,2020
samjet22,,2021-01-05 16:47:08,,2021
gmsbrentlawn,"Bethlehem, PA",2017-08-27 14:14:35,,2017
hipsterelectron,((((?) sf ) nashville ) dc ),2016-03-09 08:33:36,,2016
_jaysuss_,,2016-09-05 05:42:01,,2016
maxi_lopez18,"C√≥rdoba, Argentina",2011-11-08 00:14:48,,2011
HappyPineVibes,,2021-03-02 20:35:29,,2021
MckayVarga,,2020-08-14 03:23:24,,2020
cs_adrian,"Buenos Aires, Argentina",2012-11-15 01:34:31,,2012
zudomanzi,United States,2021-02-10 09:40:33,,2021
EjsmontPiotr,Warszawa,2013-09-12 16:51:35,,2013
pengweide,,2013-07-12 01:34:05,,2013
TheMetalBeast,"New York, NY",2016-02-07 06:27:47,,2016
JamesDermond,Behind the Door,2014-08-14 08:24:30,,2014
ezerios,Argentina,2010-04-24 01:43:27,,2010
lucioztw,,2019-05-27 04:08:05,,2019
TheKoek,"Pretoria, South Africa",2017-07-18 07:29:28,,2017
ArtByAlida,Living in a blanket fort.,2008-07-30 17:11:26,,2008
KevinHaggerty13,,2021-02-26 23:14:58,,2021
ideal8407,,2013-12-11 06:05:18,,2013
aida_frumix,,2015-06-24 21:48:30,,2015
sindero,,2010-06-23 17:44:41,,2010
islayit,,2012-06-18 10:17:24,,2012
wooglooskr,Toronto,2008-04-29 20:54:37,,2008
realbiggL,Book,2019-02-18 16:48:21,,2019
FringleM,,2020-10-26 19:19:52,,2020
Davidle58504294,us,2020-12-27 11:04:10,,2020
ThomasRaguin,,2020-12-07 06:22:06,,2020
_UditParmar_,,2011-11-06 11:18:37,,2011
LunaTheGreyTuna,Portland,2021-02-13 01:04:36,,2021
notjusta_gp,,2021-02-27 06:32:24,,2021
kedir_h_ahmed,,2014-01-11 22:43:37,,2014
webcentive,Internet,2009-02-27 08:48:01,,2009
antonyp22,"Melbourne, Australia",2010-05-21 11:18:32,,2010
ehdyn,Charleston,2008-07-29 23:23:09,,2008
natbrown_2,,2011-07-31 01:34:57,,2011
jarlestabell,"Oslo, Norway",2011-02-27 16:33:50,,2011
byabhishekgupta,,2011-07-12 17:15:22,,2011
LMHighPerform,,2016-02-27 21:08:23,,2016
watmanAFC,,2020-06-10 06:12:40,,2020
slothfulwave612,India,2020-03-09 18:00:02,,2020
Soumyaj15209314,,2020-07-13 14:49:19,,2020
unitedstats99,Stretford End W11,2012-10-21 22:03:35,,2012
McCormick_Math,"Pennsylvania, USA",2017-03-24 12:39:18,,2017
sjvantilburg,"New York, NY",2010-07-23 23:59:29,,2010
DataSciUofM,,2018-12-12 20:46:18,,2018
Hero_meigen,Êù±‰∫¨ÈÉΩÂÜÖ,2017-05-02 07:46:36,,2017
misaki_33a,,2020-02-12 08:19:10,,2020
JgMq9,,2021-01-01 15:49:53,,2021
asahi_and_t,,2016-03-14 10:23:14,,2016
KOwoW1Kyin1mjbv,,2020-10-11 08:38:32,,2020
Watanuki_Ltd,Êù±‰∫¨ÈÉΩÊñá‰∫¨Âå∫Êú¨ÈßíËæº5-4-1 LAS CASAS,2010-03-10 06:12:48,,2010
trforonlyworld,tokyo,2018-06-02 12:29:02,,2018
mitsuokamotorjp,Êó•Êú¨ ÂØåÂ±±,2013-05-02 07:13:17,,2013
mediaschool_pg,,2012-09-14 22:00:43,,2012
artdyne,Êù±‰∫¨ ÂçÉ‰ª£Áî∞Âå∫,2019-07-06 08:49:45,,2019
osaka_snap,"Osaka, JAPAN",2018-05-23 21:26:37,,2018
kiribou06341,ÁÄ¨Êà∏Â∏Ç‚ÜíÁî∫Áî∞Â∏Ç‚ÜíÁõ∏Ê®°ÂéüÂ∏Ç,2013-03-24 15:16:13,,2013
fubuki_taiju,"osaka , japan",2008-07-12 06:23:31,,2008
ISqj2C44QVknJPm,,2020-09-27 15:16:19,,2020
twipretter,,2016-01-31 06:18:41,,2016
shisonegi,Âúü„ÅÆ‰∏ä,2010-05-01 06:22:11,,2010
gozaru_kadoma, Â§ßÈò™Â∫úÈñÄÁúüÂ∏ÇÊú´Â∫ÉÁî∫ÔºîÔºê‚àíÔºëÔºë,2020-04-03 12:15:51,,2020
DanMaine4,,2020-03-16 08:00:59,,2020
youtubekeijiban,japan,2018-10-24 01:05:53,,2018
citrus_net,"Tokyo-to, Japan",2016-07-13 07:26:34,,2016
osaka_ohsho_ra,"Osaka-fu, Japan",2019-05-29 05:33:06,,2019
hashimon,"Tokyo, Akita, Okayama",2009-02-05 11:23:20,,2009
nobuoxiaojingu,,2017-02-02 05:32:08,,2017
osakakentei,Â§ßÈò™Â∫ú,2010-08-19 01:27:45,,2010
americansuburbx,USA,2009-01-10 16:57:26,,2009
48kumi_official,Â§ßÈò™Â∏Ç,2018-07-19 01:34:42,,2018
KPdGOf3Bn8UlHNG,,2019-01-24 11:10:11,,2019
artdive,„Åø„ÇÑ„Åì„ÇÅ„Å£„Åõ,2009-09-01 06:20:53,,2009
hanashige2,Êó•Êú¨,2014-01-02 10:07:29,,2014
KuidaoreI,Êó•Êú¨ Â§ßÈò™,2018-09-29 13:39:42,,2018
nogudog,Êó•Êú¨ Á¶èÂ≤°,2013-05-14 15:56:54,,2013
Mughal_Royal,"ÿßÿ≥ŸÑÿßŸÖ ÿ¢ÿ®ÿßÿØ, Ÿæÿß⁄©ÿ≥ÿ™ÿßŸÜ",2014-09-02 21:10:11,,2014
Nazem35331417,Ê∏ØÂå∫ÂåóÈùíÂ±±2-3-1 ‰ºäËó§Âø†„Ç¨„Éº„Éá„É≥2F„Åô„ÅêÂ∑¶Êâã ÈùíÂ±±„ÉÜ„É©„Çπ,2018-08-25 04:17:48,,2018
RJNmtSWdUaqzCCK,,2018-06-12 01:04:54,,2018
osaka_fc,Â§ßÈò™,2010-11-22 03:37:51,,2010
intersexjapan,,2011-02-11 05:14:53,,2011
hikari40828,ÂÖµÂ∫´ÁúåÂ∞ºÂ¥é,2016-05-22 09:23:04,,2016
fredalmike1010,"San Antonio, TX",2018-04-21 18:27:18,,2018
general_cs,Á¶èÂ≤°Áúå„ÄÄÂçöÂ§öÂå∫,2014-03-06 03:58:33,,2014
kingking0715,Êó•Êú¨,2018-02-08 13:45:41,,2018
okujirasamafilm,,2017-05-05 02:16:30,,2017
TokyoArtFair,"Shibuya-ku, Tokyo",2015-02-23 08:18:02,,2015
mikepon2,Osaka City,2010-09-23 09:29:43,,2010
ue6camera,„ÅÜ„Åà„Çç„Åè„Ç´„É°„É©üìçÂ§ßÈò™Â∏Ç‰∏≠Â§ÆÂå∫‰∏äÊú¨Áî∫Ë•ø5-3-1,2010-05-07 05:50:34,,2010
JunkoKuriya,Êó•Êú¨,2016-12-13 04:54:49,,2016
shinema_s,,2016-11-09 23:50:56,,2016
22century_photo,,2014-09-28 23:42:13,,2014
ghttmsnonat,,2016-10-13 23:54:35,,2016
mirei_gnore3,,2015-05-09 06:12:42,,2015
geisou,„Äí535-0003„ÄÄÂ§ßÈò™Â∏ÇÊó≠Âå∫‰∏≠ÂÆÆ1-11-14,2009-10-16 10:01:04,,2009
SwatchUS,United States,2009-01-30 17:31:28,,2009
Swatch,"Biel, Switzerland",2009-12-15 13:01:08,,2009
pattonoswalt,Los Angeles,2010-05-01 19:00:10,,2010
CathyLH,USA,2009-04-23 01:54:30,,2009
tipsymonk,"Washington, DC",2010-10-03 19:09:41,,2010
HVRanch,USA,2009-06-04 00:34:39,,2009
phillypaws,"Philadelphia, PA",2009-02-16 18:58:32,,2009
PSPCA,Pennsylvania,2009-03-09 19:13:10,,2009
DepPentPressSec,The Pentagon,2021-01-21 19:31:46,,2021
ChrisCJackson,"Austin, Texas",2011-06-29 21:43:05,,2011
clairecmc,Missouri,2008-09-06 20:20:45,,2008
MegHays46,,2021-01-18 18:21:21,,2021
AaronBoone,,2011-02-22 16:36:35,,2011
judithheumann,"Washington, DC",2009-03-01 01:15:13,,2009
First_Dog_USA,United States,2019-03-14 23:48:00,,2019
jr_ATC,,2011-11-28 03:32:12,,2011
realsjsgiovanni,"Muncy, PA",2014-06-27 22:04:28,,2014
teachcardona,,2012-08-17 13:56:53,,2012
anyataylorjoy,Neverland,2013-01-01 14:46:06,,2013
Janefonda,,2009-01-03 18:23:36,,2009
AriMelber,,2008-07-15 15:57:23,,2008
WillieGeist,New York,2008-11-10 18:10:01,,2008
MollyJongFast,,2008-04-04 01:41:30,,2008
PoconoEDC,"Stroudsburg, PA",2010-01-22 16:19:16,,2010
shawnee_theatre,"Shawnee-on-Delaware, PA",2014-05-22 14:40:48,,2014
ThisWeekPoconos,"Pocono Mountains, PA",2011-12-22 20:15:29,,2011
vstpgh,"Pittsburgh, PA",2009-03-13 16:28:59,,2009
TheSettlersInn,"Hawley, PA",2012-01-21 21:06:11,,2012
VisitPoconos,Pocono Mountains Pennsylvania,2010-03-23 16:41:50,,2010
visitPA,Pennsylvania,2009-03-23 18:13:22,,2009
poconotalk,"Poconos, PA",2010-09-01 15:52:20,,2010
PoconoTourism,"Pocono Mtns, PA",2009-07-14 17:15:40,,2009
LaurieHernandez,she/herüáµüá∑ (20),2013-06-16 01:21:41,,2013
bsw5020,"Illinois, USA",2017-12-14 23:11:59,,2017
karenrobinson01,,2012-10-22 18:18:14,,2012
ColaneriJohn,New York City,2009-04-09 01:24:29,,2009
ASlavitt,,2013-04-27 01:21:12,,2013
USPS,"Washington,  DC",2011-10-07 12:11:00,,2011
WHCOS,,2021-01-18 21:47:51,,2021
WHCommsDir,,2021-01-18 22:58:53,,2021
JOD46,,2021-01-19 01:30:47,,2021
PittsburghLion,,2012-11-25 03:12:41,,2012
Doritos,United States,2009-04-14 15:14:37,,2009
Klondikebar,United States,2008-06-11 18:50:34,,2008
Breyers,United States,2009-12-23 21:33:09,,2009
Jolly_Rancher,"HERSHEY, PA",2009-10-15 19:25:59,,2009
Welchs,"Concord, MA",2010-07-13 20:19:21,,2010
Butterfinger,,2009-02-06 19:49:44,,2009
Tropicana,,2009-05-01 16:32:00,,2009
earthhour,Global,2008-01-24 05:11:11,,2008
WWF,Global,2008-02-07 12:05:20,,2008
Astro_Soichi,International Space Station,2009-10-28 19:28:01,,2009
NASAJPL,"Pasadena, Calif.",2009-01-31 03:19:43,,2009
NASAMars,Fourth Planet From the Sun,2008-06-19 03:18:45,,2008
ERCOT_ISO,,2011-02-10 17:24:12,,2011
citedessciences,"Paris, France",2009-01-16 11:59:22,,2009
TerreSciences,Angers,2011-12-09 10:21:35,,2011
AstroSamantha,Europe,2011-07-18 18:54:02,,2011
Astro_Alex, Cologne/Houston/Moscow,2011-10-13 19:05:22,,2011
astro_reid,,2011-07-07 11:08:20,,2011
NASAPersevere,"Jezero Crater, Mars",2020-02-26 21:43:46,,2020
LesiaAstro,"Meudon, France",2019-04-19 09:14:09,,2019
SF2A_astro,Observatoire de Paris,2015-04-26 09:31:36,,2015
LukeFinland,Finland,2014-11-26 10:31:01,,2014
mikarantane,"Helsinki, Suomi",2009-12-01 16:14:47,,2009
UN_Women,Worldwide,2008-11-03 19:28:09,,2008
andersen_inger,"Nairobi, Kenya",2014-03-24 20:04:50,,2014
StevenQuay,"Seattle, WA",2009-04-21 18:38:43,,2009
france_soir,Paris,2009-10-01 17:27:31,,2009
PPathole,,2013-03-23 16:54:14,,2013
KirsiKarla,Helsinki - Finland,2015-01-18 09:37:47,,2015
rolfrodven,"Troms√∏, Norway",2014-11-10 05:31:00,,2014
TheBabylonBee,,2016-02-15 16:05:21,,2016
RationalEtienne,Orion-cygnus-arm üè¥‚Äç‚ò†Ô∏è,2013-12-11 17:56:00,,2013
annie_neutralx,Honolulu,2020-03-25 03:49:07,,2020
oilspillproject,,2019-05-09 07:21:18,,2019
KolarcticCBC,,2013-05-03 09:43:33,,2013
GenderArctic,,2019-02-08 14:26:24,,2019
CawthornforNC,"Hendersonville, NC",2019-12-20 04:03:30,,2019
NASAArtemis,"Washington, D.C.",2012-07-10 21:51:25,,2012
JuddPDeere45,"Washington, DC",2017-12-08 17:51:02,,2017
EU_Finance,Europe,2010-09-06 08:43:25,,2010
LafCol,"Easton, PA",2010-03-08 14:13:11,,2010
KLoeffler,"Atlanta, GA",2009-04-07 17:28:52,,2009
ThePlanetaryGuy,"Raleigh, NC",2018-03-19 14:08:11,,2018
christianamusk,,2009-05-26 06:01:30,,2009
ToscaMusk,,2007-12-14 03:32:29,,2007
ianbremmer,,2009-07-28 02:23:28,,2009
ArcticInstitute,"USA, Canada, and across Europe",2010-10-02 16:02:24,,2010
ArcticJohanna,,2017-05-30 08:10:50,,2017
TwitterSupport,Twitter HQ,2008-12-04 18:51:57,,2008
TwitterSafety,Twitter HQ,2009-12-09 21:00:57,,2009
TwitterMktg,Twitter HQ,2011-08-18 21:08:15,,2011
TwitterAPI,,2007-05-23 06:01:13,,2007
TwitterEng,,2007-06-16 00:14:36,,2007
TwitterOSS,Twitter HQ,2011-09-20 15:18:34,,2011
TwitterDesign,Remote,2009-11-04 21:06:16,,2009
adidasoriginals,Global,2009-02-08 03:04:25,,2009
adidassoccer,"adidas America (Portland, OR)",2013-05-30 21:42:03,,2013
EASPORTSFIFA,Global,2010-01-15 23:38:36,,2010
adidasrunning,,2009-02-09 13:23:39,,2009
adidasUS,"adidas America (Portland, OR)",2009-07-29 22:25:45,,2009
adidasWomen,Global,2009-10-15 22:31:19,,2009
geglobo,Brasil,2007-12-04 16:44:39,,2007
lancenet,Brasil,2008-07-19 00:39:38,,2008
Florida_Cup,"Orlando, FL",2014-11-20 19:46:39,,2014
PDChinaSports,,2019-08-29 21:23:33,,2019
HisenseGlobal,,2012-11-28 17:39:03,,2012
umbro,"Manchester, UK",2008-10-31 03:53:21,,2008
SportLineCo,Colombia,2011-09-02 19:22:57,,2011
Dafiti_Colombia,Colombia.,2012-04-16 14:12:48,,2012
MktRegistrado,Am√©rica Latina,2010-02-18 23:43:28,,2010
SaboresPostobon,Colombia,2010-04-15 21:28:52,,2010
UmbroColombia,Bogot√° Colombia,2010-02-01 17:21:44,,2010
usnikefootball,"Beaverton, Oregon",2009-11-05 20:05:35,,2009
nikesb,,2011-11-08 18:23:01,,2011
nikediamond,"Beaverton, OR",2010-11-18 14:28:14,,2010
nikebasketball,"Beaverton, Oregon",2007-05-09 03:45:59,,2007
nikefutebol,Brasil,2008-12-11 17:13:39,,2008
NikeService,"Beaverton, Oregon",2008-04-21 14:34:49,,2008
nikefootfrance,France,2009-12-03 10:33:58,,2009
nikefootballita,Italia,2009-11-24 13:56:12,,2009
NikeNYC,"New York, NY",2011-12-23 19:55:45,,2011
NikeN7,"Beaverton, OR",2010-08-12 21:37:07,,2010
NikeLA,"Los Angeles, CA",2011-12-21 22:55:52,,2011
NikeStadiums,,2010-02-23 09:17:47,,2010
NikeRio,Rio de Janeiro,2012-06-06 18:27:14,,2012
Jumpman23,,2010-10-05 18:27:05,,2010
nikestore,"Beaverton, OR",2008-11-12 23:43:12,,2008
adidas,,2011-05-17 06:57:08,,2011
Nike,"Beaverton, Oregon",2011-11-18 22:31:18,,2011
dominos,"Ann Arbor, MI",2009-04-15 16:18:59,,2009
TinderSupport,Los Angeles,2013-12-04 19:12:07,,2013
LilNasX,la,2016-07-15 17:36:29,,2016
Tinder,Los Angeles,2012-07-03 05:56:23,,2012
PlayboyTV,"Beverly Hills, CA",2009-03-11 07:18:08,,2009
Playboy,,2008-07-31 16:47:13,,2008
AppleSupport,"Cupertino, CA",2015-06-05 16:05:20,,2015
BridgestoneLA,,2011-04-29 21:29:20,,2011
TAGHeuer,,2009-11-24 10:49:05,,2009
GShockUK,London,2009-10-12 11:01:02,,2009
GSHOCK_OFFICIAL,TOKYO,2009-05-12 14:23:55,,2009
casiouk,UK,2010-04-22 10:15:56,,2010
GShock_US,"Dover, New Jersey",2009-07-31 13:53:02,,2009
Casio_USA,USA,2013-11-14 15:26:28,,2013
poemamhethar,Myanmar,2018-12-21 09:07:42,,2018
hamiltonwatch,,2009-07-24 08:08:25,,2009
TISSOT,"Switzerland, Le Locle",2011-11-14 08:47:32,,2011
Blancpain1735,Le Brassus,2013-06-18 13:04:14,,2013
MontresBreguet,"L'Abbaye, Switzerland",2012-06-04 13:41:20,,2012
Jaquet_Droz,"La Chaux-de-Fonds, Switzerland",2011-10-27 09:05:46,,2011
ulysse_nardin,Le Locle,2009-04-18 12:56:16,,2009
GirardPerregaux,"La Chaux-de-Fonds, Switzerland",2009-12-15 09:22:04,,2009
BellRossWatches,,2009-10-21 19:01:33,,2009
Longines,Switzerland,2009-12-18 13:52:59,,2009
jaegerlecoultre,"Le Sentier, Switzerland",2010-08-25 13:37:14,,2010
Cartier,Paris,2009-07-27 17:44:42,,2009
Piaget,"Geneva, Switzerland",2009-12-14 14:36:04,,2009
AudemarsPiguet,"Le Brassus, Switzerland",2010-02-25 14:43:50,,2010
Vacheron1755,Geneva,2009-09-11 15:17:24,,2009
Hublot,"Nyon, Switzerland",2009-03-26 09:05:40,,2009
IWC,Schaffhausen,2009-06-04 07:59:24,,2009
Breitling,Switzerland,2010-06-07 16:48:28,,2010
omegawatches,,2011-04-19 15:06:05,,2011
ROLEX,"Geneva, Switzerland",2012-02-16 12:59:18,,2012
seikowatches,,2009-07-27 09:37:50,,2009
Candida45447111,,2020-12-08 12:05:44,,2020
yinmon53020164,,2021-02-12 16:25:06,,2021
poechitmyatthae,,2020-03-25 08:45:42,,2020
SpiderManMovie,,2011-04-12 21:33:31,,2011
mmxnn02,,2017-12-01 09:49:25,,2017
MoeSandarKyaw8,Thailand,2021-02-04 04:56:38,,2021
WaiMarPhyo9,,2020-07-11 16:45:38,,2020
EaintThet7,Myanmar,2018-10-01 17:57:55,,2018
ChangThaw,,2021-02-03 21:41:10,,2021
Jucy70083494,United States,2020-05-16 09:56:46,,2020
HNwayoo,United States,2017-12-15 19:47:15,,2017
DaungOfficial,Myanmar,2021-02-02 16:52:45,,2021
phyopapablogs,,2021-02-16 12:27:42,,2021
AyeThaZinKhain1,,2020-11-17 00:06:01,,2020
bellingcat,,2014-01-28 13:36:59,,2014
ChristianSlater,,2011-12-28 22:16:48,,2011
macysnews,"New York, NY",2016-07-11 20:33:12,,2016
PhilaParkandRec,Philadelphia,2009-03-04 14:08:30,,2009
billy_penn,Philadelphia,2014-08-01 20:10:30,,2014
NJRedCross,"New Jersey, USA",2015-09-05 12:15:15,,2015
NJOmbudsman,"Trenton, NJ",2014-06-25 01:14:05,,2014
C19VaxxUpdates,New Jersey,2021-01-25 02:30:38,,2021
DangeRussWilson,Global,2012-03-03 00:39:20,,2012
tkelce,Kansas City,2009-09-10 02:35:54,,2009
JoAnn_Stores,"Hudson, Ohio",2008-04-11 19:09:35,,2008
POTUS,,2021-01-13 00:37:08,,2021
MichaelsStores,,2010-08-20 14:24:36,,2010
DonBellonCBS3,,2009-04-07 03:21:28,,2009
nflnetwork,"Culver City, CA",2009-01-22 21:23:06,,2009
USAO_NJ,"Newark, New Jersey",2013-06-18 15:03:15,,2013
ReverendWarnock,Georgia,2020-01-26 01:24:46,,2020
ossoff,"Georgia, USA (he/him)",2012-03-11 22:46:55,,2012
WhiteHouse,United States of America,2020-11-03 20:55:58,,2020
camdencc,"Blackwood, NJ",2009-04-09 14:00:30,,2009
sbcmw,"Philadelphia, PA",2010-12-14 15:06:20,,2010
PANYNJ,NY/NJ Metropolitan Region,2009-05-30 02:36:47,,2009
kaitlancollins,"Washington, D.C.",2010-08-18 21:21:08,,2010
NAACP,"Baltimore, MD",2009-06-05 20:32:34,,2009
mortreport,"Anywhere, USA",2009-04-04 21:03:22,,2009
WHYYNews,Philadelphia,2008-06-18 19:50:05,,2008
Nelly_Mo,St. Louis,2009-03-16 21:38:48,,2009
Independent,"London, England",2008-10-26 00:00:29,,2008
CNNPolitics,"Washington, DC",2008-02-23 03:12:49,,2008
HuffPostPol,"Washington, D.C.",2008-07-16 19:45:46,,2008
HuffPost,,2008-04-24 14:07:28,,2008
AJEnglish,"Doha, Qatar",2007-04-17 08:23:08,,2007
latimes,"El Segundo, CA",2008-10-09 11:07:42,,2008
business,New York and the World,2009-04-23 20:05:17,,2009
Forbes,"New York, NY",2009-11-21 02:09:57,,2009
BreakingNews,"NYC, LA, London",2007-05-13 23:06:45,,2007
NatGeo,Global,2008-11-18 21:28:10,,2008
JalenHurts,"Houston, Texas",2012-03-20 22:49:25,,2012
NotifyNYC,New York City,2008-09-05 16:45:10,,2008
AdrianaDiaz,Chitown and all around ,2009-05-22 05:02:40,,2009
BillWhitakerCBS,"New York, NY",2011-07-22 04:11:07,,2011
sethdoane,"Roma, Lazio",2009-05-20 14:59:28,,2009
eddieizzard,Earth,2009-03-14 23:13:44,,2009
Verillas,Virginia,2013-05-22 12:34:59,,2013
USPSHelp,"Washington, DC",2014-11-11 17:11:22,,2014
SNFonNBC,NBC,2010-07-15 22:08:48,,2010
dionnewarwick,,2012-10-12 03:58:27,,2012
Fanatics,Everywhere,2008-10-15 17:52:45,,2008
FMC_AG,"Bad Homburg, Germany",2009-02-10 14:53:07,,2009
AlibabaB2B,"New York, NY",2009-04-20 20:46:45,,2009
bEEmerkenswert,Berlin,2010-06-15 13:07:22,,2010
Cleanthinking,Leipzig,2009-04-16 17:45:39,,2009
moderna_tx,"Cambridge, MA",2013-12-02 22:24:22,,2013
Infineon,,2009-06-04 08:05:20,,2009
glumobile,"San Francisco, CA",2008-12-05 20:17:53,,2008
Fresenius,"Bad Homburg, Germany",2009-02-09 16:19:02,,2009
verbund,"Wien/Vienna, Austria",2009-03-06 08:47:38,,2009
technotransSE,Sassenberg/Germany,2013-02-26 08:21:40,,2013
AlibabaGroup,,2014-07-31 03:19:40,,2014
JackMa,"Hangzhou, China",2020-03-15 23:29:27,,2020
tim_cook,Cupertino,2013-07-31 22:41:25,,2013
Apple,"Cupertino, CA",2011-09-27 05:02:03,,2011
meyerburger,Gwatt (Thun),2014-08-05 10:30:56,,2014
GunterErfurt,,2020-09-11 08:35:22,,2020
srfsport,Switzerland,2009-02-12 16:14:16,,2009
retolipp,Z√ºrich,2012-01-18 14:07:32,,2012
schweiz,"Z√ºrich, Schweiz, Switzerland",2009-07-19 08:45:43,,2009
MikeMuellerLate,Z√ºrich,2010-05-05 17:58:24,,2010
tagesanzeiger,Z√ºrich,2010-10-15 07:59:41,,2010
WSJ,"New York, NY",2007-04-01 06:22:13,,2007
TimelessLxWatch,"7301 Windrose Ave, Plano, TX",2011-08-25 22:55:18,,2011
Bremont,"Henley-on-Thames, England",2009-10-16 21:04:00,,2009
WatchesInfrared,,2021-01-06 02:58:33,,2021
balpogato,,2019-10-14 00:07:32,,2019
pak_lf,,2021-02-04 06:30:23,,2021
watches_nz,Coolaroo VIC 3048 Australia,2020-02-12 10:33:17,,2020
dieselboy28,"Oshawa, Ontario",2008-05-15 17:35:53,,2008
LarsJohanJensen,"Halmstad, Sverige",2020-06-04 18:16:32,,2020
watchdotbid,"Boston, MA",2021-01-03 21:04:16,,2021
AndreaBorg17,Malta,2021-01-12 22:24:18,,2021
darrenmeade84,Dublin,2014-10-14 20:57:07,,2014
Phoenix_WF,"Paris, France",2019-01-15 14:53:36,,2019
RohmGB,UK & Worldwide 0208 549 6647,2015-01-17 00:05:06,,2015
surrealsessions,"Cape Town, South Africa",2018-01-23 23:30:17,,2018
ReactionsWatch,,2020-12-23 23:25:41,,2020
chrissherrill1,,2011-02-03 05:29:01,,2011
UhrenGuru,"D√ºsseldorf, Germany",2020-12-12 19:00:21,,2020
HarlemWatch,"New York, NY",2020-12-07 23:12:31,,2020
mikeltedesco,"Coquitlam, British Columbia",2020-10-30 16:06:20,,2020
camnrobertson,"Watford, England",2011-08-15 20:56:55,,2011
WatchPointDE1,M√ºnchen,2020-10-11 03:32:23,,2020
PatrickWatches,Chicago,2013-10-15 18:11:40,,2013
bevalynekwambo3,,2017-06-11 20:41:03,,2017
jerry_emeje,"Busia, Kenya",2020-03-24 07:43:46,,2020
kibukofridah,Nairobi,2011-04-04 11:21:49,,2011
Tabbykanyungu,Nairobi,2015-07-24 08:51:44,,2015
Rokismough,Hapa Tu,2011-05-31 14:19:04,,2011
Lastepisode9,Kenya,2020-11-07 15:41:32,,2020
Icon___ke,"Nairobi, Kenya",2020-02-28 14:30:01,,2020
amandap26127611,Germany üá©üá™munich,2019-09-13 15:13:55,,2019
_ngatia_,"Barcelona, Spain",2020-04-07 05:14:02,,2020
ltsKevinBosco,Nairobi,2019-07-27 05:00:18,,2019
ALomojo,,2021-02-16 11:01:35,,2021
EmmanuelWanyon,+254üá∞üá™~kŒπtŒ±·èìe ,2019-08-12 16:48:24,,2019
ZachMaina6,"Naivasha, Kenya",2020-11-28 16:15:31,,2020
salimo_thebrand,"Nairobi, Kenya",2015-09-30 08:24:53,,2015
Acetineo,Kenya,2013-03-01 13:16:50,,2013
JoelMutemi7,,2020-09-23 15:57:46,,2020
AtiekoLawrence,mombasa  ,2015-09-23 12:12:40,,2015
aVirtualVoyager,,2013-10-31 05:24:32,,2013
TeamMagwiji,Kenya,2019-12-15 19:27:04,,2019
Deniekip,"Nairobi, Kenya",2016-03-21 06:52:15,,2016
SamNato,Africa,2009-05-13 07:45:24,,2009
shereenmukhoa,,2018-03-25 12:31:20,,2018
Analyst_Phil,Eldy Eldorado Eldoret,2015-04-06 03:55:58,,2015
WanjaNjubi,Abu Dhabi,2009-04-24 11:11:15,,2009
safe_schoolske,e-available,2019-09-25 06:41:47,,2019
kenyapics,Kenya,2013-03-13 17:00:13,,2013
BabieMarione,"Nyeri, Kenya",2020-06-14 13:54:33,,2020
veranvii,Naks Vegas,2018-01-16 12:06:56,,2018
wanene_wanduta,Nairobi,2012-01-13 17:55:44,,2012
djflashkenya,"Nairobi, Kenya",2012-04-04 11:14:07,,2012
AdelineWandati,"Eldoret, Kenya",2020-06-09 16:39:40,,2020
vanceviker, Twitter,2020-07-06 13:09:53,,2020
RabbitTheKing,"Nairobi,Kenya",2011-01-26 10:54:08,,2011
Virginchk,,2020-06-04 19:00:20,,2020
William_idau,"Busia county Changara teso, ",2014-01-06 15:58:22,,2014
MElirot,,2020-10-06 11:31:09,,2020
WanyekiM1,,2021-02-27 11:13:12,,2021
sellyamutabi,Nairobi,2012-01-18 17:51:54,,2012
nyambega_jared,"Nairobi, Kenya",2015-06-26 05:43:06,,2015
mzaziwillytuva,Nairobi,2012-01-10 08:31:30,,2012
AlfredMumboJnr,"Nairobi, Kenya",2017-09-28 16:49:21,,2017
WanguiNgirici,"Nairobi, Kenya",2016-07-18 06:33:24,,2016
Aboukar_Sky,"Mogadishu, Somalia",2014-03-24 07:28:31,,2014
mulamwah,"Nairobi, Kenya",2013-07-30 13:24:09,,2013
Jr_LincolnKE,Kenya,2018-10-02 14:08:38,,2018
ComGeocovar,"London, England",2015-04-26 21:08:27,,2015
fabiomod77,,2015-11-04 21:24:33,,2015
BeckyChaos74,"7th Level of Hell, Babylon",2013-08-22 14:09:17,,2013
Brinkley_43,Home,2012-02-16 11:45:52,,2012
VytAud,London-England/Lithuania,2009-11-17 15:18:43,,2009
RicsarRenovate,"Colchester, England",2017-11-15 14:14:07,,2017
lo_snickers,"Milan, Lombardy",2009-06-20 01:49:25,,2009
moritzley,"Hamburg, Deutschland",2016-02-28 17:34:27,,2016
SimonParkin,UK,2009-02-19 14:26:05,,2009
Mr_Ever,London Town,2011-03-17 21:07:07,,2011
DavidARatz,"Jacksonville, FL",2009-04-22 19:01:31,,2009
raven185,,2010-12-01 21:51:18,,2010
PBiernatowski,"Warsaw, Poland",2018-08-22 19:04:01,,2018
peakhaus,,2018-08-29 05:41:36,,2018
Texasbozo,"Honolulu, HI",2017-08-19 01:02:04,,2017
armandgoldman,"South Beach, FL",2018-09-03 11:23:13,,2018
429sohc,"Nakatomi Plaza, Century City",2019-11-17 03:37:50,,2019
Jasper_Meurs,,2010-05-30 22:30:58,,2010
thenavinrana,"New York, NY",2016-09-05 17:53:57,,2016
EmmettEganSC,"Athlone, Ireland",2009-06-29 11:13:42,,2009
thedailyloren,"Los Angeles, California",2011-09-01 22:12:51,,2011
LordSummerville,"Norman, OK",2018-10-19 03:24:12,,2018
NahriZai,,2020-11-14 15:08:26,,2020
brandonwenerd,LA via PA. Go birds. Go Phish.,2009-07-01 20:43:51,,2009
Superfredtb,,2011-07-06 20:47:30,,2011
BMassarsky,,2012-04-15 20:17:48,,2012
FredcoBarbosa,"London, England",2017-11-12 19:26:27,,2017
tokyoshashin,"Tokyo-to, Japan",2019-03-30 09:35:15,,2019
robert_vona,"Syracuse, Auburn, Geneva, NY",2021-01-31 22:21:11,,2021
Thamijoy1,,2021-01-30 08:42:05,,2021
Denis_Gallagher,Chester,2011-02-08 11:43:26,,2011
tomialex,,2010-04-27 01:26:54,,2010
Twatch06413,Áü≥Â∑ù ÈáëÊ≤¢Â∏Ç,2021-02-08 11:03:33,,2021
SanderFlorie,Haarlem,2012-06-18 13:29:04,,2012
JordanClocks,"308 E Elm St, Villa Park, IL 60181, USA",2012-05-11 13:31:24,,2012
Nicesteve4,,2020-07-21 15:55:55,,2020
slowpacespace,Spaceship,2020-09-28 16:11:26,,2020
TpkPhotos,"St Louis, MO",2016-10-26 18:58:16,,2016
robbytatum69,"New York, NY",2017-06-21 00:47:20,,2017
LindiweMphlongo,,2020-09-26 18:31:25,,2020
sinn_depot,Êù±‰∫¨ÈÉΩÊ∏ãË∞∑Âå∫Á•ûÂçó1-20-10 Á•ûÂçóËààÊ•≠„Éì„É´ B1F,2019-12-31 06:12:19,,2019
LauraWelsh12,"Ontario, Canada",2013-04-05 22:27:22,,2013
JoeKutas,"Budapest, Hungary",2018-08-28 06:47:24,,2018
IMAGINATIONOne2,"Zug, Switzerland",2020-10-25 09:38:44,,2020
butter075,,2021-01-08 01:40:41,,2021
nizar_chaabani,Tunisie,2011-12-12 23:41:17,,2011
jorge_tud,"Madrid, Comunidad de Madrid",2011-12-25 18:00:48,,2011
evanahg,"Tulse Hill, Lambeth. ",2011-03-06 11:25:18,,2011
l_w_clare,London,2009-04-07 22:16:07,,2009
RiggMark,Burnley,2012-05-23 22:58:56,,2012
hart206,United Kingdom,2009-03-03 12:52:53,,2009
minimode_lkfw,"London, England",2017-08-25 15:21:10,,2017
WaverleyMallSC,Edinburgh,2010-03-08 09:32:29,,2010
laurensneddon,"Southampton, England",2010-09-29 02:41:50,,2010
noteableyfood,,2017-05-15 11:47:44,,2017
CarolManfio,"London, England",2011-05-06 00:11:31,,2011
MerseyGirls,"North West, England",2017-02-11 20:52:50,,2017
shopsilverburn,Glasgow Jct 2 off the M77,2009-09-28 10:18:11,,2009
SchonMagazine,"London, England",2010-03-10 15:45:09,,2010
tia_blanco,Instagram - @tiablanco,2013-10-17 16:33:21,,2013
RLEDuncan,London,2009-12-29 20:28:14,,2009
rdeanstone,LDN,2011-06-10 16:17:47,,2011
paul_marvell,London,2009-10-20 14:05:56,,2009
ace_mcgraw,The real world (Norfolk),2009-02-04 10:00:54,,2009
OlBentley,Lancashire,2009-02-17 22:04:54,,2009
RomeshRanga,,2009-02-02 15:03:47,,2009
meli_margot,Cape Town,2012-04-04 19:07:19,,2012
jowood_trouty,"Wales, United Kingdom",2012-08-15 11:57:22,,2012
NICOLENEZEELIE,Hartswater,2013-10-30 12:37:48,,2013
GavinJSpencer,Buckinghamshire,2009-06-19 13:22:38,,2009
gracejacksonx,,2011-11-19 23:14:37,,2011
neonworkshops,UK,2011-03-24 12:57:42,,2011
sydney9676,Yorkshire,2011-04-28 22:27:00,,2011
storyhiii,,2010-10-01 12:05:09,,2010
andynewellxx,,2014-10-22 11:03:42,,2014
chatanm,"Hampshire, UK",2009-03-12 15:42:25,,2009
mikejolleyuk,,2012-06-17 19:32:39,,2012
KatyDS1,,2012-11-04 12:01:30,,2012
itsrobunderwood,Midlands UK,2009-06-04 23:13:16,,2009
_Beth3,UK,2011-01-02 17:10:15,,2011
AlexanderPanda7,Yorkshire and The Humber,2009-03-27 08:14:40,,2009
chnacat,"oakland, ca",2007-01-05 18:09:36,,2007
LukeFVL,"East Sussex, UK",2011-07-11 18:35:27,,2011
gsokale,"Southampton, England",2011-09-12 00:43:14,,2011
SurjKhera,,2012-07-25 10:35:17,,2012
samanfacalv,"London, England",2010-08-24 22:06:13,,2010
sisterlondon_,London,2009-05-21 17:53:00,,2009
CarnabyLondon,London,2009-12-03 11:21:12,,2009
charliemjmiller,,2012-06-06 14:23:15,,2012
The_Bloggyman,Wales,2009-01-07 13:44:48,,2009
nixxybee,Bristol. UK,2011-02-12 13:51:34,,2011
taraldickson,,2015-09-08 21:39:00,,2015
justakajamesde1,Manchester ,2015-04-23 20:14:25,,2015
ahopefuldad,,2015-10-07 14:42:05,,2015
QueenPeachx,,2014-10-08 22:43:11,,2014
AgriIzak,Warbleton ,2015-06-12 18:05:56,,2015
Atrix256,,2009-03-23 03:08:33,,2009
TimHenke9,,2020-07-03 13:21:20,,2020
Seb_Bratieres,,2019-11-07 03:17:29,,2019
princess_lychee,"in a basements in ..um, boston",2020-07-08 01:56:12,,2020
ENERMAXGlobal,Taiwan,2015-03-31 08:07:35,,2015
AorusOfficial,,2013-12-05 08:58:24,,2013
Deepcoolglobal,,2013-03-17 12:40:41,,2013
GlobalLianli,Taiwan,2019-03-29 06:11:40,,2019
bgavran3,"Glasgow, United Kingdom",2015-10-25 15:04:48,,2015
srisatish,,2008-12-21 22:40:56,,2008
tokyocyb0rg,,2021-01-15 21:12:33,,2021
Joonie86,"Arizona, USA",2010-09-16 21:43:03,,2010
TonyElHabr,"Austin, TX",2015-08-19 19:07:45,,2015
thomholwerda,Sweden,2011-04-23 15:10:20,,2011
RaptorCompSys,,2016-09-26 01:19:41,,2016
MyKittyVinnie,Kickapoo Land,2020-07-29 21:47:07,,2020
scruffkit,"Melbourne, Australia ",2019-09-26 13:07:30,,2019
jenlooper,"Wellesley, MA",2009-04-28 02:50:12,,2009
ShouldHaveCat,,2020-09-27 17:51:08,,2020
lizthegrey,"Vancouver, British Columbia",2008-04-25 21:37:12,,2008
zxombie,,2007-11-22 00:07:26,,2007
CorelliumHQ,,2017-08-31 16:25:37,,2017
cmwdotme,,2009-08-12 04:42:15,,2009
btsportrugby,,2012-12-18 19:21:36,,2012
Sun_Ultra10,"New Jersey, USA",2015-05-31 09:36:09,,2015
thorstenball,"Aschaffenburg, Bavaria, Germany",2011-11-16 22:51:44,,2011
TomWestNBA,"England, United Kingdom",2013-01-18 14:10:21,,2013
NISALeague,United States,2017-06-06 19:12:17,,2017
ted_bengal,"Bengalia, Meezerland, UK",2019-12-30 15:44:45,,2019
uapersonal,,2019-01-31 19:56:16,,2019
BritishGQ,"London, England",2009-04-21 13:20:53,,2009
growingupzee,"Lake Oswego, Oregon",2015-07-19 16:50:07,,2015
LeeSharpeNFL,"Renton, WA",2014-10-01 03:50:06,,2014
Diablo_Siamese,"Cheshire, England, UK",2016-06-15 18:33:39,,2016
konstructivizm,,2010-04-30 22:23:32,,2010
SylvanasAndVala,,2019-08-26 23:58:01,,2019
ASUS_ROGNA,North America,2018-12-14 18:33:10,,2018
the_misha,,2019-09-07 01:49:39,,2019
crumbalumb,he/him,2020-09-13 16:42:41,,2020
mrfigarocat,engand,2020-12-05 08:35:22,,2020
giaset,mtl - nyc - la,2008-07-25 04:07:29,,2008
Kotaku,,2008-01-07 04:09:59,,2008
Polygon,,2012-01-03 21:59:02,,2012
CocoNPops,"Surrey, UK",2016-08-18 20:10:16,,2016
jaymanji_,,2019-12-04 05:51:18,,2019
ChrisPirillo,"Seattle, WA",2007-02-07 20:01:06,,2007
