company,campaign,word
itisdw,dwgiftsoflove,johnnykelly hi please send u dm order number ticket id lookichrajrathore hi sorry hear see customer service agent allen sent reply tuesday receive email please check junk inbox wellnivedit 007 please send u dm order number ticket id look matternivedit 007 hi kindly send inquiry customer service team link far assistancenavneet40158865 hi sorry hear yet receive refund kindly send inquiry customer service team link far assistancejiju06040942 hi sorry hear reach team india get back update regard refund soon possible thankashmgln hi sorry hear however currently unread email inbox might misspell email address reach u reason please send u dm instead team lookwhadhesay85 provide team feedback unfortunately make decision regard apology inconveniencewhadhesay85 hi thank feedback greatly appreciate make sure forward design teamjayshreeburnwal great happy hearshare love give perfect gift special someone valentine day â¤ getchoisoojungs hi receive email still speak team regard matter one take final decision apologize delayed response get back shortly thankgeekmagnifique hi kindly send inquiry customer service team link far assistanceten10lay happy hear like ðŸŒŸ
itisdw,danielwellington,want add final detail winter attire look far everything need danielwellingtonhello dubaiðŸ‘‹ store dubai mall look smash always danielwellington increase safety measure keep customer employee safedetail danielwellingtonjoin u behind scene recent photoshoot global brand ambassador layzhang layzhang danielwellingtoniconic link unitone perfect statement update collection yet low key enough worn every day danielwellingtonsay cheese danielwellingtonsmall detail make big impression danielwellingtonstyle way say without speak danielwellingtoncaught detail iconic link lumine even stun close danielwellingtonconfidence second best accessory danielwellingtonmatter put today make sure complete look favorite timepiece danielwellingtonsay hello store marunouchi building japan swing area team would love meet increase safety measure keep customer employee safe danielwellingtoniconic link pair well new unity collection danielwellingtonhappy valentine â€™ day danielwellingtonmatch make heaven petite evergold classic bracelet danielwellingtonperson always side danielwellingtonâ€™ time â€™ make time danielwellingtonicon icon iconic link worn global brand ambassador layzhang layzhang danielwellingtonplace time stand still danielwellingtontake love gesture next level valentine day give romantic gift say new unity collection dwgiftsoflove danielwellingtonbeauty alert always stun leesungkyung wear jewelry new unity collection dwgiftsoflove danielwellingtonanyone catch eye take someone special catch heart danielwellingtonwell day come call saturday sunday danielwellingtonashmgln hi sorry hear please send email u amanda danielwellington com lookjayshreeburnwal hi sorry hear please send email u amanda danielwellington com order number ticket id looksometimes stay stylish season add extra accessory danielwellingtoninvest timeless watch go life find something love hold onto danielwellingtonchoisoojungs hi sorry hear please send email u amanda danielwellington com order number ticket id lookrecent photoshoot global brand ambassador layzhang one favorite layzhang danielwellingtonget lose moment never lose track time danielwellingtoncheer love danielwellingtoncelebrate month love offering 10 buy two item spoil love one get gift dwgiftsoflove danielwellington
itisdw,layzhang,lil one84 layzhang hi iconic link collection already availabledyocolatemint layzhang hi iconic link already available
itisdw,all,lil one84 layzhang hi iconic link collection already availabledyocolatemint layzhang hi iconic link already available want add final detail winter attire look far everything need danielwellingtonhello dubaiðŸ‘‹ store dubai mall look smash always danielwellington increase safety measure keep customer employee safedetail danielwellingtonjoin u behind scene recent photoshoot global brand ambassador layzhang layzhang danielwellingtoniconic link unitone perfect statement update collection yet low key enough worn every day danielwellingtonsay cheese danielwellingtonsmall detail make big impression danielwellingtonstyle way say without speak danielwellingtoncaught detail iconic link lumine even stun close danielwellingtonconfidence second best accessory danielwellingtonmatter put today make sure complete look favorite timepiece danielwellingtonsay hello store marunouchi building japan swing area team would love meet increase safety measure keep customer employee safe danielwellingtoniconic link pair well new unity collection danielwellingtonhappy valentine â€™ day danielwellingtonmatch make heaven petite evergold classic bracelet danielwellingtonperson always side danielwellingtonâ€™ time â€™ make time danielwellingtonicon icon iconic link worn global brand ambassador layzhang layzhang danielwellingtonplace time stand still danielwellingtontake love gesture next level valentine day give romantic gift say new unity collection dwgiftsoflove danielwellingtonbeauty alert always stun leesungkyung wear jewelry new unity collection dwgiftsoflove danielwellingtonanyone catch eye take someone special catch heart danielwellingtonwell day come call saturday sunday danielwellingtonashmgln hi sorry hear please send email u amanda danielwellington com lookjayshreeburnwal hi sorry hear please send email u amanda danielwellington com order number ticket id looksometimes stay stylish season add extra accessory danielwellingtoninvest timeless watch go life find something love hold onto danielwellingtonchoisoojungs hi sorry hear please send email u amanda danielwellington com order number ticket id lookrecent photoshoot global brand ambassador layzhang one favorite layzhang danielwellingtonget lose moment never lose track time danielwellingtoncheer love danielwellingtoncelebrate month love offering 10 buy two item spoil love one get gift dwgiftsoflove danielwellington johnnykelly hi please send u dm order number ticket id lookichrajrathore hi sorry hear see customer service agent allen sent reply tuesday receive email please check junk inbox wellnivedit 007 please send u dm order number ticket id look matternivedit 007 hi kindly send inquiry customer service team link far assistancenavneet40158865 hi sorry hear yet receive refund kindly send inquiry customer service team link far assistancejiju06040942 hi sorry hear reach team india get back update regard refund soon possible thankashmgln hi sorry hear however currently unread email inbox might misspell email address reach u reason please send u dm instead team lookwhadhesay85 provide team feedback unfortunately make decision regard apology inconveniencewhadhesay85 hi thank feedback greatly appreciate make sure forward design teamjayshreeburnwal great happy hearshare love give perfect gift special someone valentine day â¤ getchoisoojungs hi receive email still speak team regard matter one take final decision apologize delayed response get back shortly thankgeekmagnifique hi kindly send inquiry customer service team link far assistanceten10lay happy hear like ðŸŒŸ
omega,DeVille,deville choose wear de ville prestige brings together steel gold spectacular fashiondeville shout speaks volume de ville prestige pvd green sun brush dialdeville everyday elegance de ville prestige power reserve steel blue leather strapvalentinesday big round moon omegadevilledeville heavenly sun brush dial moonshine gold discover beautiful de villedeville glorious blend stainless steel 18k yellow gold omega 39 5 mm de ville prestigedeville beautifully blue sun brush dial de ville prestige power reserve
omega,ValentinesDay,valentinesday bold plan easy tie bow around speedmastervalentinesday gift heavenly glow omegatresor moonshine goldvalentinesday land safely planet love give omegatresorvalentinesday promise moon deliver star give omega constellationvalentinesday give love one lunar legend omega famous moonwatch
omega,OMEGAOfficialTimekeeper,omegaofficialtimekeeper ac36 check seamasterdiver race ready chronograph soft touch pusher regatta countdown ring new interchangeable braceletomegaofficialtimekeeper take 30 second see stylish tvc omega â€™ 36th americascup chronographseamaster omegaofficialtimekeeper may still counting start americascup seamasterdiver chronograph already race mode
omega,all,deville choose wear de ville prestige brings together steel gold spectacular fashiondeville shout speaks volume de ville prestige pvd green sun brush dialdeville everyday elegance de ville prestige power reserve steel blue leather strapvalentinesday big round moon omegadevilledeville heavenly sun brush dial moonshine gold discover beautiful de villedeville glorious blend stainless steel 18k yellow gold omega 39 5 mm de ville prestigedeville beautifully blue sun brush dial de ville prestige power reserve omegaofficialtimekeeper ac36 check seamasterdiver race ready chronograph soft touch pusher regatta countdown ring new interchangeable braceletomegaofficialtimekeeper take 30 second see stylish tvc omega â€™ 36th americascup chronographseamaster omegaofficialtimekeeper may still counting start americascup seamasterdiver chronograph already race mode valentinesday bold plan easy tie bow around speedmastervalentinesday gift heavenly glow omegatresor moonshine goldvalentinesday land safely planet love give omegatresorvalentinesday promise moon deliver star give omega constellationvalentinesday give love one lunar legend omega famous moonwatch
rolex,perpetual,congratulation lara gut behrami back back downhill win ski world cup val di fassa â€™ achievement represent one milestone already exceptional season one sport â€™ great rolexfamily perpetualcongratulation iga swiatek victory adelaide international tennis tournament rolexfamily perpetualcongratulation lara gut behrami late downhill win time ski world cup val di fassa â€™ yet another victory dominant season continue lead example inspire u rolexfamily perpetualdesign pioneer deep venture uncharted territory seadweller 60 minute graduate cerachrom bezel insert black ceramic monitor dive time helium escape valve diver decompression perpetualcongratulation lara gut behrami giant slalom gold medal today add super g gold downhill bronze medal world ski championship cortina ampezzo inspire meticulous performance unwavering resolve rolexfamily perpetualthanks part 2008 rolex award enterprise volcanologist andrew mcgonigle continue devise reliable way predict eruption work vital million people living near world active volcano perpetualplanetcongratulation danielberger59 victory attproam rolexfamily attproam perpetualcongratulation lara gut behrami victory world ski championship super g cortina â€™ ampezzo rolexfamily perpetualdelighted enter expansive agreement pga part landmark partnership become official timekeeper official partner pgachampionship worldwide partner rydercup perpetualcongratulation bkoepka victory wmphoenixopen rolexfamily wmpo perpetualworld â€™ best player emerge talent gather melbourne australianopen first season â€™ four grand slamÂ® tournament inspire legend push boundary strive start year style ausopen perpetualcongratulation lara gut behrami back back victory world cup super g garmisch partenkirchen rolexfamily perpetual
rolex,reloxfamily,good luck rolexfamily bandreescu belindabencic grigordimitrov carogarcia cocogauff taylor fritz97 angeliquekerber karenkhachanov garbimuguruza jelenaostapenk8 milosraonic janniksin sloanestephens iga swiatek thiemdomi steftsitsipas
rolex,all,congratulation lara gut behrami back back downhill win ski world cup val di fassa â€™ achievement represent one milestone already exceptional season one sport â€™ great rolexfamily perpetualcongratulation iga swiatek victory adelaide international tennis tournament rolexfamily perpetualcongratulation lara gut behrami late downhill win time ski world cup val di fassa â€™ yet another victory dominant season continue lead example inspire u rolexfamily perpetualdesign pioneer deep venture uncharted territory seadweller 60 minute graduate cerachrom bezel insert black ceramic monitor dive time helium escape valve diver decompression perpetualcongratulation lara gut behrami giant slalom gold medal today add super g gold downhill bronze medal world ski championship cortina ampezzo inspire meticulous performance unwavering resolve rolexfamily perpetualthanks part 2008 rolex award enterprise volcanologist andrew mcgonigle continue devise reliable way predict eruption work vital million people living near world active volcano perpetualplanetcongratulation danielberger59 victory attproam rolexfamily attproam perpetualcongratulation lara gut behrami victory world ski championship super g cortina â€™ ampezzo rolexfamily perpetualdelighted enter expansive agreement pga part landmark partnership become official timekeeper official partner pgachampionship worldwide partner rydercup perpetualcongratulation bkoepka victory wmphoenixopen rolexfamily wmpo perpetualworld â€™ best player emerge talent gather melbourne australianopen first season â€™ four grand slamÂ® tournament inspire legend push boundary strive start year style ausopen perpetualcongratulation lara gut behrami back back victory world cup super g garmisch partenkirchen rolexfamily perpetual good luck rolexfamily bandreescu belindabencic grigordimitrov carogarcia cocogauff taylor fritz97 angeliquekerber karenkhachanov garbimuguruza jelenaostapenk8 milosraonic janniksin sloanestephens iga swiatek thiemdomi steftsitsipas
swatch,timeiswhatyoumakeofit,shoegirl1970 hi loida online may retail store send u dm help track one thankoh sumy hi current moment offer country u ðŸ˜ƒwhether single love brokenhearted join u tomorrow igtv stand comedy show sure comedian elenagabrielle make cry laughter ðŸ˜‚ â¤ ðŸ˜ ðŸ˜‚
swatch,swatchwithlove,get dance move ready rhythm point beating love ðŸ•ºðŸ•º swatchwithlovesomebody say next please turn break text wake call sassy 70 inspire watch swatchwithloveinspire free love 70 design put beat back belongs dance floor swatchwithloveget ready cry laughter join u february 14th 2pm est swatchwithlove metime swatchwithlovelike complex emotion world watch prof two side every story swatchwithlovefind casual chic ðŸ’… swatchwithlovejuicy red secret move come package band aid mend broken heart swatchwithlove
swatch,swatchmytime,get enough every second highlight swatchmytime timeiswhatyoumakeofit31 year later remake mythical golden jelly celebrates dna absolute best transparency lightness movement remember original design swatchmytime timeiswhatyoumakeofithappy 30 1st anniversary swatch club yet part wait first hand news exclusive release collaboration much swatchmytime timeiswhatyoumakeofit
swatch,all,get enough every second highlight swatchmytime timeiswhatyoumakeofit31 year later remake mythical golden jelly celebrates dna absolute best transparency lightness movement remember original design swatchmytime timeiswhatyoumakeofithappy 30 1st anniversary swatch club yet part wait first hand news exclusive release collaboration much swatchmytime timeiswhatyoumakeofit get dance move ready rhythm point beating love ðŸ•ºðŸ•º swatchwithlovesomebody say next please turn break text wake call sassy 70 inspire watch swatchwithloveinspire free love 70 design put beat back belongs dance floor swatchwithloveget ready cry laughter join u february 14th 2pm est swatchwithlove metime swatchwithlovelike complex emotion world watch prof two side every story swatchwithlovefind casual chic ðŸ’… swatchwithlovejuicy red secret move come package band aid mend broken heart swatchwithlove shoegirl1970 hi loida online may retail store send u dm help track one thankoh sumy hi current moment offer country u ðŸ˜ƒwhether single love brokenhearted join u tomorrow igtv stand comedy show sure comedian elenagabrielle make cry laughter ðŸ˜‚ â¤ ðŸ˜ ðŸ˜‚
